{
    "name": "root",
    "metadata": {
        "timer_format_version": "0.1.0",
        "start_time_seconds": "1711902015",
        "python_version": "3.9.13 (tags/v3.9.13:6de2ca5, May 17 2022, 16:36:42) [MSC v.1929 64 bit (AMD64)]",
        "command_line_arguments": "C:\\Users\\User\\AppData\\Local\\Programs\\Python\\Python39\\Scripts\\mlagents-learn TrainingConfigs/config.yaml --run-id=Player1AgentRun19",
        "mlagents_version": "0.30.0",
        "mlagents_envs_version": "0.30.0",
        "communication_protocol_version": "1.5.0",
        "pytorch_version": "2.2.2+cpu",
        "numpy_version": "1.21.2",
        "end_time_seconds": "1711902031"
    },
    "total": 16.0317887,
    "count": 1,
    "self": 0.005466899999998276,
    "children": {
        "run_training.setup": {
            "total": 0.05046970000000006,
            "count": 1,
            "self": 0.05046970000000006
        },
        "TrainerController.start_learning": {
            "total": 15.975852100000001,
            "count": 1,
            "self": 0.01822950000002166,
            "children": {
                "TrainerController._reset_env": {
                    "total": 7.386459500000001,
                    "count": 1,
                    "self": 7.386459500000001
                },
                "TrainerController.advance": {
                    "total": 8.527507799999977,
                    "count": 1345,
                    "self": 0.017342299999945965,
                    "children": {
                        "env_step": {
                            "total": 8.105152200000006,
                            "count": 1345,
                            "self": 7.436417899999945,
                            "children": {
                                "SubprocessEnvManager._take_step": {
                                    "total": 0.6576568000000123,
                                    "count": 1345,
                                    "self": 0.043365600000045745,
                                    "children": {
                                        "TorchPolicy.evaluate": {
                                            "total": 0.6142911999999665,
                                            "count": 1041,
                                            "self": 0.6142911999999665
                                        }
                                    }
                                },
                                "workers": {
                                    "total": 0.011077500000048701,
                                    "count": 1344,
                                    "self": 0.0,
                                    "children": {
                                        "worker_root": {
                                            "total": 7.239423000000008,
                                            "count": 1344,
                                            "is_parallel": true,
                                            "self": 2.3544667000000077,
                                            "children": {
                                                "steps_from_proto": {
                                                    "total": 0.00023919999999932884,
                                                    "count": 1,
                                                    "is_parallel": true,
                                                    "self": 7.319999999833016e-05,
                                                    "children": {
                                                        "_process_rank_one_or_two_observation": {
                                                            "total": 0.00016600000000099868,
                                                            "count": 2,
                                                            "is_parallel": true,
                                                            "self": 0.00016600000000099868
                                                        }
                                                    }
                                                },
                                                "UnityEnvironment.step": {
                                                    "total": 4.884717100000001,
                                                    "count": 1344,
                                                    "is_parallel": true,
                                                    "self": 0.07097419999999488,
                                                    "children": {
                                                        "UnityEnvironment._generate_step_input": {
                                                            "total": 0.049702699999958355,
                                                            "count": 1344,
                                                            "is_parallel": true,
                                                            "self": 0.049702699999958355
                                                        },
                                                        "communicator.exchange": {
                                                            "total": 4.58379060000002,
                                                            "count": 1344,
                                                            "is_parallel": true,
                                                            "self": 4.58379060000002
                                                        },
                                                        "steps_from_proto": {
                                                            "total": 0.1802496000000282,
                                                            "count": 1344,
                                                            "is_parallel": true,
                                                            "self": 0.09421110000002209,
                                                            "children": {
                                                                "_process_rank_one_or_two_observation": {
                                                                    "total": 0.08603850000000612,
                                                                    "count": 2688,
                                                                    "is_parallel": true,
                                                                    "self": 0.08603850000000612
                                                                }
                                                            }
                                                        }
                                                    }
                                                }
                                            }
                                        }
                                    }
                                }
                            }
                        },
                        "trainer_advance": {
                            "total": 0.4050133000000251,
                            "count": 1344,
                            "self": 0.018338600000022964,
                            "children": {
                                "process_trajectory": {
                                    "total": 0.38667470000000215,
                                    "count": 1344,
                                    "self": 0.38667470000000215
                                }
                            }
                        }
                    }
                },
                "trainer_threads": {
                    "total": 8.999999998593466e-07,
                    "count": 1,
                    "self": 8.999999998593466e-07
                },