{
    "name": "root",
    "gauges": {
        "Player1Agent.Policy.Entropy.mean": {
            "value": 3.2891268730163574,
            "min": 1.4421905279159546,
            "max": 3.2891268730163574,
            "count": 18
        },
        "Player1Agent.Policy.Entropy.sum": {
            "value": 16445.634765625,
            "min": 7332.0966796875,
            "max": 16445.634765625,
            "count": 18
        },
        "Player1Agent.Environment.EpisodeLength.mean": {
            "value": 20.636363636363637,
            "min": 17.309963099630995,
            "max": 21.008810572687224,
            "count": 18
        },
        "Player1Agent.Environment.EpisodeLength.sum": {
            "value": 4767.0,
            "min": 4523.0,
            "max": 4963.0,
            "count": 18
        },
        "Player1Agent.Step.mean": {
            "value": 89976.0,
            "min": 4994.0,
            "max": 89976.0,
            "count": 18
        },
        "Player1Agent.Step.sum": {
            "value": 89976.0,
            "min": 4994.0,
            "max": 89976.0,
            "count": 18
        },
        "Player1Agent.Policy.ExtrinsicValueEstimate.mean": {
            "value": -378.89996337890625,
            "min": -378.89996337890625,
            "max": -8.856022834777832,
            "count": 18
        },
        "Player1Agent.Policy.ExtrinsicValueEstimate.sum": {
            "value": -87525.890625,
            "min": -87525.890625,
            "max": -2293.7099609375,
            "count": 18
        },
        "Player1Agent.Environment.CumulativeReward.mean": {
            "value": -8248.353870738636,
            "min": -8781.390290838412,
            "max": -7596.529491439176,
            "count": 18
        },
        "Player1Agent.Environment.CumulativeReward.sum": {
            "value": -1905369.744140625,
            "min": -2274380.0853271484,
            "max": -1814740.2924804688,
            "count": 18
        },
        "Player1Agent.Policy.ExtrinsicReward.mean": {
            "value": -8248.353870738636,
            "min": -8781.390290838412,
            "max": -7596.529491439176,
            "count": 18
        },
        "Player1Agent.Policy.ExtrinsicReward.sum": {
            "value": -1905369.744140625,
            "min": -2274380.0853271484,
            "max": -1814740.2924804688,
            "count": 18
        },
        "Player1Agent.Losses.PolicyLoss.mean": {
            "value": 2.0185563549399377,
            "min": 1.9475168354809285,
            "max": 2.257367452979088,
            "count": 18
        },
        "Player1Agent.Losses.PolicyLoss.sum": {
            "value": 2.0185563549399377,
            "min": 2.0050865903496744,
            "max": 4.514734905958176,
            "count": 18
        },
        "Player1Agent.Losses.ValueLoss.mean": {
            "value": 15179461.66875,
            "min": 14685869.809375,
            "max": 21190274.9375,
            "count": 18
        },
        "Player1Agent.Losses.ValueLoss.sum": {
            "value": 15179461.66875,
            "min": 14903064.55625,
            "max": 40956681.45,
            "count": 18
        },
        "Player1Agent.Policy.LearningRate.mean": {
            "value": 0.002973683700877211,
            "min": 0.002973683700877211,
            "max": 0.0029990658000311403,
            "count": 18
        },
        "Player1Agent.Policy.LearningRate.sum": {
            "value": 0.002973683700877211,
            "min": 0.002973683700877211,
            "max": 0.00599537190015427,
            "count": 18
        },
        "Player1Agent.Policy.Epsilon.mean": {
            "value": 0.24868418500000006,
            "min": 0.24868418500000006,
            "max": 0.24995329000000005,
            "count": 18
        },
        "Player1Agent.Policy.Epsilon.sum": {
            "value": 0.24868418500000006,
            "min": 0.24868418500000006,
            "max": 0.49976859500000004,
            "count": 18
        },
        "Player1Agent.Policy.Beta.mean": {
            "value": 0.0004957016709999999,
            "min": 0.0004957016709999999,
            "max": 0.0004998474140000002,
            "count": 18
        },
        "Player1Agent.Policy.Beta.sum": {
            "value": 0.0004957016709999999,
            "min": 0.0004957016709999999,
            "max": 0.000999244077,
            "count": 18
        },
        "Player1Agent.IsTraining.mean": {
            "value": 1.0,
            "min": 1.0,
            "max": 1.0,
            "count": 18
        },
        "Player1Agent.IsTraining.sum": {
            "value": 1.0,
            "min": 1.0,
            "max": 1.0,
            "count": 18
        }
    },
    "metadata": {
        "timer_format_version": "0.1.0",
        "start_time_seconds": "1712238791",
        "python_version": "3.9.13 (main, Oct 13 2022, 21:15:33) \n[GCC 11.2.0]",
        "command_line_arguments": "/home/jialong/miniconda3/envs/mlagents/bin/mlagents-learn --force ./TrainingConfigs/dev3_simple.yaml --run-id=dev3 --time-scale=30",
        "mlagents_version": "0.30.0",
        "mlagents_envs_version": "0.30.0",
        "communication_protocol_version": "1.5.0",
        "pytorch_version": "1.11.0+cu102",
        "numpy_version": "1.21.2",
        "end_time_seconds": "1712239392"
    },
    "total": 601.4274127609679,
    "count": 1,
    "self": 0.00922459299908951,
    "children": {
        "run_training.setup": {
            "total": 0.012389284966047853,
            "count": 1,
            "self": 0.012389284966047853
        },
        "TrainerController.start_learning": {
            "total": 601.4057988830027,
            "count": 1,
            "self": 1.137427814945113,
            "children": {
                "TrainerController._reset_env": {
                    "total": 61.20667034201324,
                    "count": 1,
                    "self": 61.20667034201324
                },
                "TrainerController.advance": {
                    "total": 538.9047963690828,
                    "count": 26869,
                    "self": 0.5276954679284245,
                    "children": {
                        "env_step": {
                            "total": 538.3771009011543,
                            "count": 26869,
                            "self": 473.00683155015577,
                            "children": {
                                "SubprocessEnvManager._take_step": {
                                    "total": 64.80412404355593,
                                    "count": 26869,
                                    "self": 2.8225547889596783,
                                    "children": {
                                        "TorchPolicy.evaluate": {
                                            "total": 61.98156925459625,
                                            "count": 23190,
                                            "self": 61.98156925459625
                                        }
                                    }
                                },
                                "workers": {
                                    "total": 0.566145307442639,
                                    "count": 26868,
                                    "self": 0.0,
                                    "children": {
                                        "worker_root": {
                                            "total": 600.1997077566339,
                                            "count": 26868,
                                            "is_parallel": true,
                                            "self": 410.42327421798836,
                                            "children": {
                                                "run_training.setup": {
                                                    "total": 0.0,
                                                    "count": 0,
                                                    "is_parallel": true,