{
    "name": "root",
    "metadata": {
        "timer_format_version": "0.1.0",
        "start_time_seconds": "1711902036",
        "python_version": "3.9.13 (tags/v3.9.13:6de2ca5, May 17 2022, 16:36:42) [MSC v.1929 64 bit (AMD64)]",
        "command_line_arguments": "C:\\Users\\User\\AppData\\Local\\Programs\\Python\\Python39\\Scripts\\mlagents-learn TrainingConfigs/config.yaml --run-id=Player1AgentRu20",
        "mlagents_version": "0.30.0",
        "mlagents_envs_version": "0.30.0",
        "communication_protocol_version": "1.5.0",
        "pytorch_version": "2.2.2+cpu",
        "numpy_version": "1.21.2",
        "end_time_seconds": "1711902051"
    },
    "total": 15.4301334,
    "count": 1,
    "self": 0.004677700000000229,
    "children": {
        "run_training.setup": {
            "total": 0.06279400000000002,
            "count": 1,
            "self": 0.06279400000000002
        },
        "TrainerController.start_learning": {
            "total": 15.3626617,
            "count": 1,
            "self": 0.023205700000019647,
            "children": {
                "TrainerController._reset_env": {
                    "total": 5.68382,
                    "count": 1,
                    "self": 5.68382
                },
                "TrainerController.advance": {
                    "total": 9.61150699999998,
                    "count": 1641,
                    "self": 0.022071700000013905,
                    "children": {
                        "env_step": {
                            "total": 9.108267899999994,
                            "count": 1641,
                            "self": 8.305260499999989,
                            "children": {
                                "SubprocessEnvManager._take_step": {
                                    "total": 0.7893022000000212,
                                    "count": 1641,
                                    "self": 0.053717800000046445,
                                    "children": {
                                        "TorchPolicy.evaluate": {
                                            "total": 0.7355843999999747,
                                            "count": 1281,
                                            "self": 0.7355843999999747
                                        }
                                    }
                                },
                                "workers": {
                                    "total": 0.013705199999983542,
                                    "count": 1640,
                                    "self": 0.0,
                                    "children": {
                                        "worker_root": {
                                            "total": 8.830210300000008,
                                            "count": 1640,
                                            "is_parallel": true,
                                            "self": 2.6976267000000105,
                                            "children": {
                                                "steps_from_proto": {
                                                    "total": 0.00016630000000006362,
                                                    "count": 1,
                                                    "is_parallel": true,
                                                    "self": 5.379999999988172e-05,
                                                    "children": {
                                                        "_process_rank_one_or_two_observation": {
                                                            "total": 0.0001125000000001819,
                                                            "count": 2,
                                                            "is_parallel": true,
                                                            "self": 0.0001125000000001819
                                                        }
                                                    }
                                                },
                                                "UnityEnvironment.step": {
                                                    "total": 6.1324172999999975,
                                                    "count": 1640,
                                                    "is_parallel": true,
                                                    "self": 0.08351539999996671,
                                                    "children": {
                                                        "UnityEnvironment._generate_step_input": {
                                                            "total": 0.05849870000001722,
                                                            "count": 1640,
                                                            "is_parallel": true,
                                                            "self": 0.05849870000001722
                                                        },
                                                        "communicator.exchange": {
                                                            "total": 5.779332299999996,
                                                            "count": 1640,
                                                            "is_parallel": true,
                                                            "self": 5.779332299999996
                                                        },
                                                        "steps_from_proto": {
                                                            "total": 0.21107090000001794,
                                                            "count": 1640,
                                                            "is_parallel": true,
                                                            "self": 0.10598579999992452,
                                                            "children": {
                                                                "_process_rank_one_or_two_observation": {
                                                                    "total": 0.10508510000009341,
                                                                    "count": 3280,
                                                                    "is_parallel": true,
                                                                    "self": 0.10508510000009341
                                                                }
                                                            }
                                                        }
                                                    }
                                                }
                                            }
                                        }
                                    }
                                }
                            }
                        },
                        "trainer_advance": {
                            "total": 0.48116739999997193,
                            "count": 1640,
                            "self": 0.022490100000028157,
                            "children": {
                                "process_trajectory": {
                                    "total": 0.4586772999999438,
                                    "count": 1640,
                                    "self": 0.4586772999999438
                                }
                            }
                        }
                    }
                },
                "trainer_threads": {
                    "total": 8.000000022434506e-07,
                    "count": 1,
                    "self": 8.000000022434506e-07
                },
                "TrainerController._save_models": {
                    "total": 0.044128199999999396,