{
    "name": "root",
    "metadata": {
        "timer_format_version": "0.1.0",
        "start_time_seconds": "1711986906",
        "python_version": "3.9.13 (main, Oct 13 2022, 21:15:33) \n[GCC 11.2.0]",
        "command_line_arguments": "/home/jialong/miniconda3/envs/mlagents/bin/mlagents-learn --run-id=t26",
        "mlagents_version": "0.30.0",
        "mlagents_envs_version": "0.30.0",
        "communication_protocol_version": "1.5.0",
        "pytorch_version": "1.11.0+cu102",
        "numpy_version": "1.21.2",
        "end_time_seconds": "1711987022"
    },
    "total": 115.59434480000346,
    "count": 1,
    "self": 0.005567622996750288,
    "children": {
        "run_training.setup": {
            "total": 0.013079189011477865,
            "count": 1,
            "self": 0.013079189011477865
        },
        "TrainerController.start_learning": {
            "total": 115.57569798799523,
            "count": 1,
            "self": 0.039975962819880806,
            "children": {
                "TrainerController._reset_env": {
                    "total": 20.2521135959978,
                    "count": 1,
                    "self": 20.2521135959978
                },
                "TrainerController.advance": {
                    "total": 95.2176568111754,
                    "count": 1453,
                    "self": 0.038180971052497625,
                    "children": {
                        "env_step": {
                            "total": 94.98096732029808,
                            "count": 1453,
                            "self": 93.61927730645402,
                            "children": {
                                "SubprocessEnvManager._take_step": {
                                    "total": 1.3388252268196084,
                                    "count": 1453,
                                    "self": 0.11785881644755136,
                                    "children": {
                                        "TorchPolicy.evaluate": {
                                            "total": 1.220966410372057,
                                            "count": 1411,
                                            "self": 1.220966410372057
                                        }
                                    }
                                },
                                "workers": {
                                    "total": 0.022864787024445832,
                                    "count": 1452,
                                    "self": 0.0,
                                    "children": {
                                        "worker_root": {
                                            "total": 55.3482040380768,
                                            "count": 1452,
                                            "is_parallel": true,
                                            "self": 23.45296673112898,
                                            "children": {
                                                "run_training.setup": {
                                                    "total": 0.0,
                                                    "count": 0,
                                                    "is_parallel": true,
                                                    "self": 0.0,
                                                    "children": {
                                                        "steps_from_proto": {
                                                            "total": 0.0006858150009065866,
                                                            "count": 1,
                                                            "is_parallel": true,
                                                            "self": 0.000219895999180153,
                                                            "children": {
                                                                "_process_rank_one_or_two_observation": {
                                                                    "total": 0.00046591900172643363,
                                                                    "count": 2,
                                                                    "is_parallel": true,
                                                                    "self": 0.00046591900172643363
                                                                }
                                                            }
                                                        },
                                                        "UnityEnvironment.step": {
                                                            "total": 0.03946698899380863,
                                                            "count": 1,
                                                            "is_parallel": true,
                                                            "self": 9.989598765969276e-05,
                                                            "children": {
                                                                "UnityEnvironment._generate_step_input": {
                                                                    "total": 0.00015877799887675792,
                                                                    "count": 1,
                                                                    "is_parallel": true,
                                                                    "self": 0.00015877799887675792
                                                                },
                                                                "communicator.exchange": {
                                                                    "total": 0.038962788006756455,
                                                                    "count": 1,
                                                                    "is_parallel": true,
                                                                    "self": 0.038962788006756455
                                                                },
                                                                "steps_from_proto": {
                                                                    "total": 0.00024552700051572174,
                                                                    "count": 1,
                                                                    "is_parallel": true,
                                                                    "self": 0.00013122599921189249,
                                                                    "children": {
                                                                        "_process_rank_one_or_two_observation": {
                                                                            "total": 0.00011430100130382925,
                                                                            "count": 2,
                                                                            "is_parallel": true,
                                                                            "self": 0.00011430100130382925
                                                                        }
                                                                    }
                                                                }
                                                            }
                                                        }
                                                    }
                                                },
                                                "UnityEnvironment.step": {
                                                    "total": 31.89523730694782,
                                                    "count": 1451,
                                                    "is_parallel": true,
                                                    "self": 0.16445039115205873,