{
    "name": "root",
    "metadata": {
        "timer_format_version": "0.1.0",
        "start_time_seconds": "1711988855",
        "python_version": "3.9.13 (main, Oct 13 2022, 21:15:33) \n[GCC 11.2.0]",
        "command_line_arguments": "/home/jialong/miniconda3/envs/mlagents/bin/mlagents-learn --run-id=t31",
        "mlagents_version": "0.30.0",
        "mlagents_envs_version": "0.30.0",
        "communication_protocol_version": "1.5.0",
        "pytorch_version": "1.11.0+cu102",
        "numpy_version": "1.21.2",
        "end_time_seconds": "1711989019"
    },
    "total": 164.30151606000436,
    "count": 1,
    "self": 0.00589103001402691,
    "children": {
        "run_training.setup": {
            "total": 0.02969069300161209,
            "count": 1,
            "self": 0.02969069300161209
        },
        "TrainerController.start_learning": {
            "total": 164.26593433698872,
            "count": 1,
            "self": 0.10798531530599575,
            "children": {
                "TrainerController._reset_env": {
                    "total": 40.079661224008305,
                    "count": 1,
                    "self": 40.079661224008305
                },
                "TrainerController.advance": {
                    "total": 123.99914670968428,
                    "count": 3190,
                    "self": 0.1002040148305241,
                    "children": {
                        "env_step": {
                            "total": 123.43817729085276,
                            "count": 3190,
                            "self": 119.8842596852628,
                            "children": {
                                "SubprocessEnvManager._take_step": {
                                    "total": 3.494011881601182,
                                    "count": 3190,
                                    "self": 0.331377465830883,
                                    "children": {
                                        "TorchPolicy.evaluate": {
                                            "total": 3.162634415770299,
                                            "count": 3151,
                                            "self": 3.162634415770299
                                        }
                                    }
                                },
                                "workers": {
                                    "total": 0.05990572398877703,
                                    "count": 3189,
                                    "self": 0.0,
                                    "children": {
                                        "worker_root": {
                                            "total": 103.97214829633594,
                                            "count": 3189,
                                            "is_parallel": true,
                                            "self": 48.41334499523509,
                                            "children": {
                                                "run_training.setup": {
                                                    "total": 0.0,
                                                    "count": 0,
                                                    "is_parallel": true,
                                                    "self": 0.0,
                                                    "children": {
                                                        "steps_from_proto": {
                                                            "total": 0.0009598200122127309,
                                                            "count": 1,
                                                            "is_parallel": true,
                                                            "self": 0.0003384990122867748,
                                                            "children": {
                                                                "_process_rank_one_or_two_observation": {
                                                                    "total": 0.0006213209999259561,
                                                                    "count": 2,
                                                                    "is_parallel": true,
                                                                    "self": 0.0006213209999259561
                                                                }
                                                            }
                                                        },
                                                        "UnityEnvironment.step": {
                                                            "total": 0.05689403800352011,
                                                            "count": 1,
                                                            "is_parallel": true,
                                                            "self": 0.00024022601428441703,
                                                            "children": {
                                                                "UnityEnvironment._generate_step_input": {
                                                                    "total": 0.0001884219964267686,
                                                                    "count": 1,
                                                                    "is_parallel": true,
                                                                    "self": 0.0001884219964267686
                                                                },
                                                                "communicator.exchange": {
                                                                    "total": 0.05590353599109221,
                                                                    "count": 1,
                                                                    "is_parallel": true,
                                                                    "self": 0.05590353599109221
                                                                },
                                                                "steps_from_proto": {
                                                                    "total": 0.0005618540017167106,
                                                                    "count": 1,
                                                                    "is_parallel": true,
                                                                    "self": 0.00031422100437339395,
                                                                    "children": {
                                                                        "_process_rank_one_or_two_observation": {
                                                                            "total": 0.0002476329973433167,
                                                                            "count": 2,
                                                                            "is_parallel": true,
                                                                            "self": 0.0002476329973433167
                                                                        }
                                                                    }
                                                                }
                                                            }
                                                        }
                                                    }
                                                },
                                                "UnityEnvironment.step": {
                                                    "total": 55.55880330110085,
                                                    "count": 3188,
                                                    "is_parallel": true,
                                                    "self": 0.4328004659473663,