{
    "name": "root",
    "gauges": {
        "Player1Agent.Policy.Entropy.mean": {
            "value": 1.4189382791519165,
            "min": 1.4189382791519165,
            "max": 1.4189382791519165,
            "count": 1
        },
        "Player1Agent.Policy.Entropy.sum": {
            "value": 14195.05859375,
            "min": 14195.05859375,
            "max": 14195.05859375,
            "count": 1
        },
        "Player1Agent.Step.mean": {
            "value": 9997.0,
            "min": 9997.0,
            "max": 9997.0,
            "count": 1
        },
        "Player1Agent.Step.sum": {
            "value": 9997.0,
            "min": 9997.0,
            "max": 9997.0,
            "count": 1
        },
        "Player1Agent.Policy.ExtrinsicValueEstimate.mean": {
            "value": 688.571044921875,
            "min": 688.571044921875,
            "max": 688.571044921875,
            "count": 1
        },
        "Player1Agent.Policy.ExtrinsicValueEstimate.sum": {
            "value": 2059516.0,
            "min": 2059516.0,
            "max": 2059516.0,
            "count": 1
        },
        "Player1Agent.Environment.EpisodeLength.mean": {
            "value": 2.3470548862115126,
            "min": 2.3470548862115126,
            "max": 2.3470548862115126,
            "count": 1
        },
        "Player1Agent.Environment.EpisodeLength.sum": {
            "value": 7013.0,
            "min": 7013.0,
            "max": 7013.0,
            "count": 1
        },
        "Player1Agent.Environment.CumulativeReward.mean": {
            "value": -1.0234683406245242,
            "min": -1.0234683406245242,
            "max": -1.0234683406245242,
            "count": 1
        },
        "Player1Agent.Environment.CumulativeReward.sum": {
            "value": -3057.0999334454536,
            "min": -3057.0999334454536,
            "max": -3057.0999334454536,
            "count": 1
        },
        "Player1Agent.Policy.ExtrinsicReward.mean": {
            "value": -1.0234683406245242,
            "min": -1.0234683406245242,
            "max": -1.0234683406245242,
            "count": 1
        },
        "Player1Agent.Policy.ExtrinsicReward.sum": {
            "value": -3057.0999334454536,
            "min": -3057.0999334454536,
            "max": -3057.0999334454536,
            "count": 1
        },
        "Player1Agent.IsTraining.mean": {
            "value": 1.0,
            "min": 1.0,
            "max": 1.0,
            "count": 1
        },
        "Player1Agent.IsTraining.sum": {
            "value": 1.0,
            "min": 1.0,
            "max": 1.0,
            "count": 1
        }
    },
    "metadata": {
        "timer_format_version": "0.1.0",
        "start_time_seconds": "1711901388",
        "python_version": "3.9.13 (tags/v3.9.13:6de2ca5, May 17 2022, 16:36:42) [MSC v.1929 64 bit (AMD64)]",
        "command_line_arguments": "C:\\Users\\User\\AppData\\Local\\Programs\\Python\\Python39\\Scripts\\mlagents-learn TrainingConfigs/config.yaml --run-id=Player1AgentRun9",
        "mlagents_version": "0.30.0",
        "mlagents_envs_version": "0.30.0",
        "communication_protocol_version": "1.5.0",
        "pytorch_version": "2.2.2+cpu",
        "numpy_version": "1.21.2",
        "end_time_seconds": "1711901511"
    },
    "total": 122.6881223,
    "count": 1,
    "self": 10.003332400000005,
    "children": {
        "run_training.setup": {
            "total": 0.05144180000000009,
            "count": 1,
            "self": 0.05144180000000009
        },
        "TrainerController.start_learning": {
            "total": 112.63334809999999,
            "count": 1,
            "self": 0.1877903999998125,
            "children": {
                "TrainerController._reset_env": {
                    "total": 5.5280316,
                    "count": 1,
                    "self": 5.5280316
                },
                "TrainerController.advance": {
                    "total": 106.88388750000018,
                    "count": 13307,
                    "self": 0.16127349999966611,
                    "children": {
                        "env_step": {
                            "total": 98.78529719999975,
                            "count": 13307,
                            "self": 92.31474510000058,
                            "children": {
                                "SubprocessEnvManager._take_step": {
                                    "total": 6.362908399999181,
                                    "count": 13308,
                                    "self": 0.42376079999927274,
                                    "children": {
                                        "TorchPolicy.evaluate": {
                                            "total": 5.939147599999909,
                                            "count": 10248,
                                            "self": 5.939147599999909
                                        }
                                    }
                                },
                                "workers": {
                                    "total": 0.1076436999999899,
                                    "count": 13306,
                                    "self": 0.0,
                                    "children": {
                                        "worker_root": {
                                            "total": 56.56890960000044,
                                            "count": 13306,
                                            "is_parallel": true,
                                            "self": 22.69214130000055,
                                            "children": {
                                                "steps_from_proto": {
                                                    "total": 0.0003291000000000821,
                                                    "count": 2,
                                                    "is_parallel": true,
                                                    "self": 0.00010559999999948388,
                                                    "children": {
                                                        "_process_rank_one_or_two_observation": {
                                                            "total": 0.00022350000000059822,
                                                            "count": 4,
                                                            "is_parallel": true,
                                                            "self": 0.00022350000000059822
                                                        }
                                                    }
                                                },
                                                "UnityEnvironment.step": {
                                                    "total": 33.876439199999886,
                                                    "count": 13306,
                                                    "is_parallel": true,
                                                    "self": 0.6793764000000238,
                                                    "children": {
                                                        "UnityEnvironment._generate_step_input": {
                                                            "total": 0.49133249999991957,
                                                            "count": 13306,
                                                            "is_parallel": true,
                                                            "self": 0.49133249999991957
                                                        },