{
    "name": "root",
    "metadata": {
        "timer_format_version": "0.1.0",
        "start_time_seconds": "1711902058",
        "python_version": "3.9.13 (tags/v3.9.13:6de2ca5, May 17 2022, 16:36:42) [MSC v.1929 64 bit (AMD64)]",
        "command_line_arguments": "C:\\Users\\User\\AppData\\Local\\Programs\\Python\\Python39\\Scripts\\mlagents-learn TrainingConfigs/config.yaml --run-id=Player1AgentRu21",
        "mlagents_version": "0.30.0",
        "mlagents_envs_version": "0.30.0",
        "communication_protocol_version": "1.5.0",
        "pytorch_version": "2.2.2+cpu",
        "numpy_version": "1.21.2",
        "end_time_seconds": "1711902103"
    },
    "total": 44.707195999999996,
    "count": 1,
    "self": 0.005043699999994544,
    "children": {
        "run_training.setup": {
            "total": 0.05352069999999998,
            "count": 1,
            "self": 0.05352069999999998
        },
        "TrainerController.start_learning": {
            "total": 44.6486316,
            "count": 1,
            "self": 0.01202240000003485,
            "children": {
                "TrainerController._reset_env": {
                    "total": 6.5517781,
                    "count": 1,
                    "self": 6.5517781
                },
                "TrainerController.advance": {
                    "total": 38.036592999999975,
                    "count": 888,
                    "self": 0.011233199999963972,
                    "children": {
                        "env_step": {
                            "total": 37.7756023,
                            "count": 888,
                            "self": 37.33858279999998,
                            "children": {
                                "SubprocessEnvManager._take_step": {
                                    "total": 0.4297308999999929,
                                    "count": 888,
                                    "self": 0.02890799999996929,
                                    "children": {
                                        "TorchPolicy.evaluate": {
                                            "total": 0.40082290000002363,
                                            "count": 701,
                                            "self": 0.40082290000002363
                                        }
                                    }
                                },
                                "workers": {
                                    "total": 0.007288600000023848,
                                    "count": 887,
                                    "self": 0.0,
                                    "children": {
                                        "worker_root": {
                                            "total": 33.49747910000002,
                                            "count": 887,
                                            "is_parallel": true,
                                            "self": 1.62997310000004,
                                            "children": {
                                                "steps_from_proto": {
                                                    "total": 0.0001617999999998787,
                                                    "count": 1,
                                                    "is_parallel": true,
                                                    "self": 5.249999999890065e-05,
                                                    "children": {
                                                        "_process_rank_one_or_two_observation": {
                                                            "total": 0.00010930000000097806,
                                                            "count": 2,
                                                            "is_parallel": true,
                                                            "self": 0.00010930000000097806
                                                        }
                                                    }
                                                },
                                                "UnityEnvironment.step": {
                                                    "total": 31.86734419999998,
                                                    "count": 887,
                                                    "is_parallel": true,
                                                    "self": 0.04378249999995987,
                                                    "children": {
                                                        "UnityEnvironment._generate_step_input": {
                                                            "total": 0.030587200000002923,
                                                            "count": 887,
                                                            "is_parallel": true,
                                                            "self": 0.030587200000002923
                                                        },
                                                        "communicator.exchange": {
                                                            "total": 31.68443359999999,
                                                            "count": 887,
                                                            "is_parallel": true,
                                                            "self": 31.68443359999999
                                                        },
                                                        "steps_from_proto": {
                                                            "total": 0.10854090000002703,
                                                            "count": 885,
                                                            "is_parallel": true,
                                                            "self": 0.055897100000057875,
                                                            "children": {
                                                                "_process_rank_one_or_two_observation": {
                                                                    "total": 0.052643799999969154,
                                                                    "count": 1770,
                                                                    "is_parallel": true,
                                                                    "self": 0.052643799999969154
                                                                }
                                                            }
                                                        }
                                                    }
                                                }
                                            }
                                        }
                                    }
                                }
                            }
                        },
                        "trainer_advance": {
                            "total": 0.24975750000000652,
                            "count": 887,
                            "self": 0.011414900000006334,
                            "children": {
                                "process_trajectory": {
                                    "total": 0.23834260000000018,
                                    "count": 887,
                                    "self": 0.23834260000000018
                                }
                            }
                        }
                    }
                },
                "trainer_threads": {
                    "total": 1.9999999949504854e-06,
                    "count": 1,
                    "self": 1.9999999949504854e-06
                },
                "TrainerController._save_models": {
                    "total": 0.048236099999996895,