{
    "name": "root",
    "metadata": {
        "timer_format_version": "0.1.0",
        "start_time_seconds": "1711976214",
        "python_version": "3.9.13 (main, Oct 13 2022, 21:15:33) \n[GCC 11.2.0]",
        "command_line_arguments": "/home/jialong/miniconda3/envs/mlagents/bin/mlagents-learn --run-id=t1",
        "mlagents_version": "0.30.0",
        "mlagents_envs_version": "0.30.0",
        "communication_protocol_version": "1.5.0",
        "pytorch_version": "1.11.0+cu102",
        "numpy_version": "1.21.2",
        "end_time_seconds": "1711976245"
    },
    "total": 31.82508411600429,
    "count": 1,
    "self": 0.006295758008491248,
    "children": {
        "run_training.setup": {
            "total": 0.011710773993399926,
            "count": 1,
            "self": 0.011710773993399926
        },
        "TrainerController.start_learning": {
            "total": 31.8070775840024,
            "count": 1,
            "self": 0.0018792289483826607,
            "children": {
                "TrainerController._reset_env": {
                    "total": 14.353023535004468,
                    "count": 1,
                    "self": 14.353023535004468
                },
                "TrainerController.advance": {
                    "total": 17.371874771051807,
                    "count": 59,
                    "self": 0.0014730801049154252,
                    "children": {
                        "env_step": {
                            "total": 17.350225799018517,
                            "count": 59,
                            "self": 17.300842978074797,
                            "children": {
                                "SubprocessEnvManager._take_step": {
                                    "total": 0.04855271194537636,
                                    "count": 59,
                                    "self": 0.004134059927309863,
                                    "children": {
                                        "TorchPolicy.evaluate": {
                                            "total": 0.044418652018066496,
                                            "count": 51,
                                            "self": 0.044418652018066496
                                        }
                                    }
                                },
                                "workers": {
                                    "total": 0.0008301089983433485,
                                    "count": 58,
                                    "self": 0.0,
                                    "children": {
                                        "worker_root": {
                                            "total": 16.22232223402534,
                                            "count": 58,
                                            "is_parallel": true,
                                            "self": 14.517054739015293,
                                            "children": {
                                                "run_training.setup": {
                                                    "total": 0.0,
                                                    "count": 0,
                                                    "is_parallel": true,
                                                    "self": 0.0,
                                                    "children": {
                                                        "steps_from_proto": {
                                                            "total": 0.0004666680033551529,
                                                            "count": 1,
                                                            "is_parallel": true,
                                                            "self": 0.00013125599070917815,
                                                            "children": {
                                                                "_process_rank_one_or_two_observation": {
                                                                    "total": 0.00033541201264597476,
                                                                    "count": 2,
                                                                    "is_parallel": true,
                                                                    "self": 0.00033541201264597476
                                                                }
                                                            }
                                                        },
                                                        "UnityEnvironment.step": {
                                                            "total": 0.02374610300466884,
                                                            "count": 1,
                                                            "is_parallel": true,
                                                            "self": 0.00011532801727298647,
                                                            "children": {
                                                                "UnityEnvironment._generate_step_input": {
                                                                    "total": 0.0001464749948354438,
                                                                    "count": 1,
                                                                    "is_parallel": true,
                                                                    "self": 0.0001464749948354438
                                                                },
                                                                "communicator.exchange": {
                                                                    "total": 0.023273522994713858,
                                                                    "count": 1,
                                                                    "is_parallel": true,
                                                                    "self": 0.023273522994713858
                                                                },
                                                                "steps_from_proto": {
                                                                    "total": 0.00021077699784655124,
                                                                    "count": 1,
                                                                    "is_parallel": true,
                                                                    "self": 0.00010586800635792315,
                                                                    "children": {
                                                                        "_process_rank_one_or_two_observation": {
                                                                            "total": 0.00010490899148862809,
                                                                            "count": 2,
                                                                            "is_parallel": true,
                                                                            "self": 0.00010490899148862809
                                                                        }
                                                                    }
                                                                }
                                                            }
                                                        }
                                                    }
                                                },
                                                "UnityEnvironment.step": {
                                                    "total": 1.7052674950100482,
                                                    "count": 57,
                                                    "is_parallel": true,
                                                    "self": 0.00643197912722826,