{"cameraMode":{"drawMode":0,"name":"Shaded","section":"Shading Mode"},"sceneLighting":true,"audioPlay":false,"sceneViewState":{"m_AlwaysRefresh":false,"showFog":true,"showSkybox":true,"showFlares":true,"showImageEffects":true,"showParticleSystems":true,"showVisualEffectGraphs":true,"m_FxEnabled":true},"in2DMode":false,"pivot":{"x":-13.340638160705567,"y":5.868765354156494,"z":-0.19073060154914857},"rotation":{"x":0.24620185792446137,"y":0.650198221206665,"z":-0.23556092381477357,"w":0.6791614890098572},"size":17.399137496948243,"orthographic":false}