{"cameraMode":{"drawMode":0,"name":"Shaded","section":"Shading Mode"},"sceneLighting":true,"audioPlay":false,"sceneViewState":{"m_AlwaysRefresh":false,"showFog":true,"showSkybox":true,"showFlares":true,"showImageEffects":true,"showParticleSystems":true,"showVisualEffectGraphs":true,"m_FxEnabled":true},"in2DMode":false,"pivot":{"x":15.454106330871582,"y":-2.356849193572998,"z":10.525557518005371},"rotation":{"x":0.12766142189502717,"y":0.6625851988792419,"z":-0.11605324596166611,"w":0.728855311870575},"size":22.115293502807618,"orthographic":true}