{
    "name": "root",
    "metadata": {
        "timer_format_version": "0.1.0",
        "start_time_seconds": "1711901530",
        "python_version": "3.9.13 (tags/v3.9.13:6de2ca5, May 17 2022, 16:36:42) [MSC v.1929 64 bit (AMD64)]",
        "command_line_arguments": "C:\\Users\\User\\AppData\\Local\\Programs\\Python\\Python39\\Scripts\\mlagents-learn TrainingConfigs/config.yaml --run-id=Player1AgentRun10",
        "mlagents_version": "0.30.0",
        "mlagents_envs_version": "0.30.0",
        "communication_protocol_version": "1.5.0",
        "pytorch_version": "2.2.2+cpu",
        "numpy_version": "1.21.2",
        "end_time_seconds": "1711901606"
    },
    "total": 76.5728767,
    "count": 1,
    "self": 0.002738800000003039,
    "children": {
        "run_training.setup": {
            "total": 0.05022890000000002,
            "count": 1,
            "self": 0.05022890000000002
        },
        "TrainerController.start_learning": {
            "total": 76.519909,
            "count": 1,
            "self": 0.0328181999999515,
            "children": {
                "TrainerController._reset_env": {
                    "total": 5.0520890000000005,
                    "count": 1,
                    "self": 5.0520890000000005
                },
                "TrainerController.advance": {
                    "total": 71.40366860000006,
                    "count": 2421,
                    "self": 0.03030460000002222,
                    "children": {
                        "env_step": {
                            "total": 70.6957231,
                            "count": 2421,
                            "self": 69.57331590000007,
                            "children": {
                                "SubprocessEnvManager._take_step": {
                                    "total": 1.1034313999999732,
                                    "count": 2421,
                                    "self": 0.07655169999993827,
                                    "children": {
                                        "TorchPolicy.evaluate": {
                                            "total": 1.026879700000035,
                                            "count": 1891,
                                            "self": 1.026879700000035
                                        }
                                    }
                                },
                                "workers": {
                                    "total": 0.018975799999947363,
                                    "count": 2420,
                                    "self": 0.0,
                                    "children": {
                                        "worker_root": {
                                            "total": 10.458599699999988,
                                            "count": 2420,
                                            "is_parallel": true,
                                            "self": 3.5928817999999305,
                                            "children": {
                                                "steps_from_proto": {
                                                    "total": 0.0001680999999997823,
                                                    "count": 1,
                                                    "is_parallel": true,
                                                    "self": 5.2299999999227964e-05,
                                                    "children": {
                                                        "_process_rank_one_or_two_observation": {
                                                            "total": 0.00011580000000055435,
                                                            "count": 2,
                                                            "is_parallel": true,
                                                            "self": 0.00011580000000055435
                                                        }
                                                    }
                                                },
                                                "UnityEnvironment.step": {
                                                    "total": 6.865549800000058,
                                                    "count": 2420,
                                                    "is_parallel": true,
                                                    "self": 0.11927700000008379,
                                                    "children": {
                                                        "UnityEnvironment._generate_step_input": {
                                                            "total": 0.08179739999999747,
                                                            "count": 2420,
                                                            "is_parallel": true,
                                                            "self": 0.08179739999999747
                                                        },
                                                        "communicator.exchange": {
                                                            "total": 6.37632229999999,
                                                            "count": 2420,
                                                            "is_parallel": true,
                                                            "self": 6.37632229999999
                                                        },
                                                        "steps_from_proto": {
                                                            "total": 0.2881530999999864,
                                                            "count": 2420,
                                                            "is_parallel": true,
                                                            "self": 0.14593179999995876,
                                                            "children": {
                                                                "_process_rank_one_or_two_observation": {
                                                                    "total": 0.14222130000002764,
                                                                    "count": 4840,
                                                                    "is_parallel": true,
                                                                    "self": 0.14222130000002764
                                                                }
                                                            }
                                                        }
                                                    }
                                                }
                                            }
                                        }
                                    }
                                }
                            }
                        },
                        "trainer_advance": {
                            "total": 0.6776409000000383,
                            "count": 2420,
                            "self": 0.03016740000000251,
                            "children": {
                                "process_trajectory": {
                                    "total": 0.6474735000000358,
                                    "count": 2420,
                                    "self": 0.6474735000000358
                                }
                            }
                        }
                    }
                },
                "TrainerController._save_models": {
                    "total": 0.031333199999991734,
                    "count": 1,
                    "self": 1.7699999986575676e-05,