{
    "name": "root",
    "metadata": {
        "timer_format_version": "0.1.0",
        "start_time_seconds": "1711896509",
        "python_version": "3.9.13 (tags/v3.9.13:6de2ca5, May 17 2022, 16:36:42) [MSC v.1929 64 bit (AMD64)]",
        "command_line_arguments": "C:\\Users\\User\\AppData\\Local\\Programs\\Python\\Python39\\Scripts\\mlagents-learn TrainingConfigs/config.yaml --run-id=Player1AgentRun2",
        "mlagents_version": "0.30.0",
        "mlagents_envs_version": "0.30.0",
        "communication_protocol_version": "1.5.0",
        "pytorch_version": "2.2.2+cpu",
        "numpy_version": "1.21.2",
        "end_time_seconds": "1711896588"
    },
    "total": 79.0800967,
    "count": 1,
    "self": 0.0054157999999944195,
    "children": {
        "run_training.setup": {
            "total": 0.047894900000000185,
            "count": 1,
            "self": 0.047894900000000185
        },
        "TrainerController.start_learning": {
            "total": 79.026786,
            "count": 1,
            "self": 0.025467999999975177,
            "children": {
                "TrainerController._reset_env": {
                    "total": 8.6614988,
                    "count": 1,
                    "self": 8.6614988
                },
                "TrainerController.advance": {
                    "total": 70.29441080000002,
                    "count": 2021,
                    "self": 0.02447490000002972,
                    "children": {
                        "env_step": {
                            "total": 69.70108559999993,
                            "count": 2021,
                            "self": 68.77672119999995,
                            "children": {
                                "SubprocessEnvManager._take_step": {
                                    "total": 0.9089867000000051,
                                    "count": 2021,
                                    "self": 0.061582500000000095,
                                    "children": {
                                        "TorchPolicy.evaluate": {
                                            "total": 0.847404200000005,
                                            "count": 1561,
                                            "self": 0.847404200000005
                                        }
                                    }
                                },
                                "workers": {
                                    "total": 0.015377699999971739,
                                    "count": 2020,
                                    "self": 0.0,
                                    "children": {
                                        "worker_root": {
                                            "total": 9.69965299999993,
                                            "count": 2020,
                                            "is_parallel": true,
                                            "self": 3.3222933999998983,
                                            "children": {
                                                "steps_from_proto": {
                                                    "total": 0.0001572999999996938,
                                                    "count": 1,
                                                    "is_parallel": true,
                                                    "self": 5.3499999999928605e-05,
                                                    "children": {
                                                        "_process_rank_one_or_two_observation": {
                                                            "total": 0.00010379999999976519,
                                                            "count": 2,
                                                            "is_parallel": true,
                                                            "self": 0.00010379999999976519
                                                        }
                                                    }
                                                },
                                                "UnityEnvironment.step": {
                                                    "total": 6.377202300000032,
                                                    "count": 2020,
                                                    "is_parallel": true,
                                                    "self": 0.10156679999996854,
                                                    "children": {
                                                        "UnityEnvironment._generate_step_input": {
                                                            "total": 0.06991139999999163,
                                                            "count": 2020,
                                                            "is_parallel": true,
                                                            "self": 0.06991139999999163
                                                        },
                                                        "communicator.exchange": {
                                                            "total": 5.9523319000000345,
                                                            "count": 2020,
                                                            "is_parallel": true,
                                                            "self": 5.9523319000000345
                                                        },
                                                        "steps_from_proto": {
                                                            "total": 0.2533922000000377,
                                                            "count": 2020,
                                                            "is_parallel": true,
                                                            "self": 0.1395432000000607,
                                                            "children": {
                                                                "_process_rank_one_or_two_observation": {
                                                                    "total": 0.113848999999977,
                                                                    "count": 4040,
                                                                    "is_parallel": true,
                                                                    "self": 0.113848999999977
                                                                }
                                                            }
                                                        }
                                                    }
                                                }
                                            }
                                        }
                                    }
                                }
                            }
                        },
                        "trainer_advance": {
                            "total": 0.5688503000000615,
                            "count": 2020,
                            "self": 0.0247254000000936,
                            "children": {
                                "process_trajectory": {
                                    "total": 0.5441248999999679,
                                    "count": 2020,
                                    "self": 0.5441248999999679
                                }
                            }
                        }
                    }
                },
                "TrainerController._save_models": {
                    "total": 0.04540839999999946,
                    "count": 1,
                    "self": 2.2999999998774e-05,