{
    "name": "root",
    "metadata": {
        "timer_format_version": "0.1.0",
        "start_time_seconds": "1711987489",
        "python_version": "3.9.13 (main, Oct 13 2022, 21:15:33) \n[GCC 11.2.0]",
        "command_line_arguments": "/home/jialong/miniconda3/envs/mlagents/bin/mlagents-learn --run-id=t28",
        "mlagents_version": "0.30.0",
        "mlagents_envs_version": "0.30.0",
        "communication_protocol_version": "1.5.0",
        "pytorch_version": "1.11.0+cu102",
        "numpy_version": "1.21.2",
        "end_time_seconds": "1711987663"
    },
    "total": 173.82218406700122,
    "count": 1,
    "self": 0.011832015006802976,
    "children": {
        "run_training.setup": {
            "total": 0.013817411992931738,
            "count": 1,
            "self": 0.013817411992931738
        },
        "TrainerController.start_learning": {
            "total": 173.79653464000148,
            "count": 1,
            "self": 0.17814442185044754,
            "children": {
                "TrainerController._reset_env": {
                    "total": 16.820977619005134,
                    "count": 1,
                    "self": 16.820977619005134
                },
                "TrainerController.advance": {
                    "total": 156.7091038231447,
                    "count": 6708,
                    "self": 0.17200184559624176,
                    "children": {
                        "env_step": {
                            "total": 155.79227569443174,
                            "count": 6708,
                            "self": 149.88830536634487,
                            "children": {
                                "SubprocessEnvManager._take_step": {
                                    "total": 5.801296964738867,
                                    "count": 6708,
                                    "self": 0.5297874006937491,
                                    "children": {
                                        "TorchPolicy.evaluate": {
                                            "total": 5.271509564045118,
                                            "count": 6631,
                                            "self": 5.271509564045118
                                        }
                                    }
                                },
                                "workers": {
                                    "total": 0.10267336334800348,
                                    "count": 6707,
                                    "self": 0.0,
                                    "children": {
                                        "worker_root": {
                                            "total": 113.40255322871963,
                                            "count": 6707,
                                            "is_parallel": true,
                                            "self": 30.701856824423885,
                                            "children": {
                                                "run_training.setup": {
                                                    "total": 0.0,
                                                    "count": 0,
                                                    "is_parallel": true,
                                                    "self": 0.0,
                                                    "children": {
                                                        "steps_from_proto": {
                                                            "total": 0.0005652480031130835,
                                                            "count": 1,
                                                            "is_parallel": true,
                                                            "self": 0.00018003498553298414,
                                                            "children": {
                                                                "_process_rank_one_or_two_observation": {
                                                                    "total": 0.0003852130175800994,
                                                                    "count": 2,
                                                                    "is_parallel": true,
                                                                    "self": 0.0003852130175800994
                                                                }
                                                            }
                                                        },
                                                        "UnityEnvironment.step": {
                                                            "total": 0.045885443993029185,
                                                            "count": 1,
                                                            "is_parallel": true,
                                                            "self": 0.00017317099263891578,
                                                            "children": {
                                                                "UnityEnvironment._generate_step_input": {
                                                                    "total": 0.00013685799785889685,
                                                                    "count": 1,
                                                                    "is_parallel": true,
                                                                    "self": 0.00013685799785889685
                                                                },
                                                                "communicator.exchange": {
                                                                    "total": 0.045146517993998714,
                                                                    "count": 1,
                                                                    "is_parallel": true,
                                                                    "self": 0.045146517993998714
                                                                },
                                                                "steps_from_proto": {
                                                                    "total": 0.0004288970085326582,
                                                                    "count": 1,
                                                                    "is_parallel": true,
                                                                    "self": 0.00023061699175741524,
                                                                    "children": {
                                                                        "_process_rank_one_or_two_observation": {
                                                                            "total": 0.00019828001677524298,
                                                                            "count": 2,
                                                                            "is_parallel": true,
                                                                            "self": 0.00019828001677524298
                                                                        }
                                                                    }
                                                                }
                                                            }
                                                        }
                                                    }
                                                },
                                                "UnityEnvironment.step": {
                                                    "total": 82.70069640429574,
                                                    "count": 6706,
                                                    "is_parallel": true,
                                                    "self": 0.7585844452260062,