{
    "name": "root",
    "metadata": {
        "timer_format_version": "0.1.0",
        "start_time_seconds": "1711903980",
        "python_version": "3.9.13 (tags/v3.9.13:6de2ca5, May 17 2022, 16:36:42) [MSC v.1929 64 bit (AMD64)]",
        "command_line_arguments": "C:\\Users\\User\\AppData\\Local\\Programs\\Python\\Python39\\Scripts\\mlagents-learn --run-id=test8",
        "mlagents_version": "0.30.0",
        "mlagents_envs_version": "0.30.0",
        "communication_protocol_version": "1.5.0",
        "pytorch_version": "2.2.2+cpu",
        "numpy_version": "1.21.2",
        "end_time_seconds": "1711904190"
    },
    "total": 209.498228,
    "count": 1,
    "self": 0.0046366999999918335,
    "children": {
        "run_training.setup": {
            "total": 0.019472900000000015,
            "count": 1,
            "self": 0.019472900000000015
        },
        "TrainerController.start_learning": {
            "total": 209.4741184,
            "count": 1,
            "self": 0.2513326000005236,
            "children": {
                "TrainerController._reset_env": {
                    "total": 5.1203354999999995,
                    "count": 1,
                    "self": 5.1203354999999995
                },
                "TrainerController.advance": {
                    "total": 204.05500339999946,
                    "count": 18116,
                    "self": 0.22674599999908196,
                    "children": {
                        "env_step": {
                            "total": 193.87147800000108,
                            "count": 18116,
                            "self": 184.9673940000003,
                            "children": {
                                "SubprocessEnvManager._take_step": {
                                    "total": 8.755599800000118,
                                    "count": 18116,
                                    "self": 0.588740899999971,
                                    "children": {
                                        "TorchPolicy.evaluate": {
                                            "total": 8.166858900000147,
                                            "count": 13941,
                                            "self": 8.166858900000147
                                        }
                                    }
                                },
                                "workers": {
                                    "total": 0.14848420000067541,
                                    "count": 18115,
                                    "self": 0.0,
                                    "children": {
                                        "worker_root": {
                                            "total": 83.03628329999971,
                                            "count": 18115,
                                            "is_parallel": true,
                                            "self": 30.185033199999253,
                                            "children": {
                                                "steps_from_proto": {
                                                    "total": 0.0001668000000005776,
                                                    "count": 1,
                                                    "is_parallel": true,
                                                    "self": 5.300000000119098e-05,
                                                    "children": {
                                                        "_process_rank_one_or_two_observation": {
                                                            "total": 0.00011379999999938661,
                                                            "count": 2,
                                                            "is_parallel": true,
                                                            "self": 0.00011379999999938661
                                                        }
                                                    }
                                                },
                                                "UnityEnvironment.step": {
                                                    "total": 52.851083300000454,
                                                    "count": 18115,
                                                    "is_parallel": true,
                                                    "self": 0.9540923999996522,
                                                    "children": {
                                                        "UnityEnvironment._generate_step_input": {
                                                            "total": 0.6827991000001843,
                                                            "count": 18115,
                                                            "is_parallel": true,
                                                            "self": 0.6827991000001843
                                                        },
                                                        "communicator.exchange": {
                                                            "total": 48.71329909999988,
                                                            "count": 18115,
                                                            "is_parallel": true,
                                                            "self": 48.71329909999988
                                                        },
                                                        "steps_from_proto": {
                                                            "total": 2.500892700000742,
                                                            "count": 18115,
                                                            "is_parallel": true,
                                                            "self": 1.2981407000004923,
                                                            "children": {
                                                                "_process_rank_one_or_two_observation": {
                                                                    "total": 1.2027520000002498,
                                                                    "count": 36230,
                                                                    "is_parallel": true,
                                                                    "self": 1.2027520000002498
                                                                }
                                                            }
                                                        }
                                                    }
                                                }
                                            }
                                        }
                                    }
                                }
                            }
                        },
                        "trainer_advance": {
                            "total": 9.956779399999297,
                            "count": 18115,
                            "self": 0.2358454999983035,
                            "children": {
                                "process_trajectory": {
                                    "total": 5.379577900000988,
                                    "count": 18115,
                                    "self": 5.379577900000988
                                },
                                "_update_policy": {
                                    "total": 4.341356000000005,
                                    "count": 1,
                                    "self": 1.2503273000000519,
                                    "children": {
                                        "TorchPPOOptimizer.update": {
                                            "total": 3.0910286999999528,