{
    "name": "root",
    "metadata": {
        "timer_format_version": "0.1.0",
        "start_time_seconds": "1711986811",
        "python_version": "3.9.13 (main, Oct 13 2022, 21:15:33) \n[GCC 11.2.0]",
        "command_line_arguments": "/home/jialong/miniconda3/envs/mlagents/bin/mlagents-learn --run-id=t25",
        "mlagents_version": "0.30.0",
        "mlagents_envs_version": "0.30.0",
        "communication_protocol_version": "1.5.0",
        "pytorch_version": "1.11.0+cu102",
        "numpy_version": "1.21.2",
        "end_time_seconds": "1711986894"
    },
    "total": 83.4022869879991,
    "count": 1,
    "self": 0.012172672984888777,
    "children": {
        "run_training.setup": {
            "total": 0.011511793010868132,
            "count": 1,
            "self": 0.011511793010868132
        },
        "TrainerController.start_learning": {
            "total": 83.37860252200335,
            "count": 1,
            "self": 0.12104874799842946,
            "children": {
                "TrainerController._reset_env": {
                    "total": 9.866248541002278,
                    "count": 1,
                    "self": 9.866248541002278
                },
                "TrainerController.advance": {
                    "total": 73.30358365201391,
                    "count": 4089,
                    "self": 0.10503019702446181,
                    "children": {
                        "env_step": {
                            "total": 72.62233927527268,
                            "count": 4089,
                            "self": 68.9814431182458,
                            "children": {
                                "SubprocessEnvManager._take_step": {
                                    "total": 3.575316173330066,
                                    "count": 4090,
                                    "self": 0.3226351860212162,
                                    "children": {
                                        "TorchPolicy.evaluate": {
                                            "total": 3.2526809873088496,
                                            "count": 3928,
                                            "self": 3.2526809873088496
                                        }
                                    }
                                },
                                "workers": {
                                    "total": 0.06557998369680718,
                                    "count": 4088,
                                    "self": 0.0,
                                    "children": {
                                        "worker_root": {
                                            "total": 68.05792354710866,
                                            "count": 4088,
                                            "is_parallel": true,
                                            "self": 18.606584420369472,
                                            "children": {
                                                "run_training.setup": {
                                                    "total": 0.0,
                                                    "count": 0,
                                                    "is_parallel": true,
                                                    "self": 0.0,
                                                    "children": {
                                                        "steps_from_proto": {
                                                            "total": 0.0009652309963712469,
                                                            "count": 1,
                                                            "is_parallel": true,
                                                            "self": 0.0003292900073574856,
                                                            "children": {
                                                                "_process_rank_one_or_two_observation": {
                                                                    "total": 0.0006359409890137613,
                                                                    "count": 2,
                                                                    "is_parallel": true,
                                                                    "self": 0.0006359409890137613
                                                                }
                                                            }
                                                        },
                                                        "UnityEnvironment.step": {
                                                            "total": 0.03772555499745067,
                                                            "count": 1,
                                                            "is_parallel": true,
                                                            "self": 0.00013513599697034806,
                                                            "children": {
                                                                "UnityEnvironment._generate_step_input": {
                                                                    "total": 0.00013737700646743178,
                                                                    "count": 1,
                                                                    "is_parallel": true,
                                                                    "self": 0.00013737700646743178
                                                                },
                                                                "communicator.exchange": {
                                                                    "total": 0.03712865000125021,
                                                                    "count": 1,
                                                                    "is_parallel": true,
                                                                    "self": 0.03712865000125021
                                                                },
                                                                "steps_from_proto": {
                                                                    "total": 0.0003243919927626848,
                                                                    "count": 1,
                                                                    "is_parallel": true,
                                                                    "self": 0.00017082398699130863,
                                                                    "children": {
                                                                        "_process_rank_one_or_two_observation": {
                                                                            "total": 0.0001535680057713762,
                                                                            "count": 2,
                                                                            "is_parallel": true,
                                                                            "self": 0.0001535680057713762
                                                                        }
                                                                    }
                                                                }
                                                            }
                                                        }
                                                    }
                                                },
                                                "UnityEnvironment.step": {
                                                    "total": 49.451339126739185,
                                                    "count": 4087,
                                                    "is_parallel": true,
                                                    "self": 0.4861977983819088,