{
    "name": "root",
    "metadata": {
        "timer_format_version": "0.1.0",
        "start_time_seconds": "1711978892",
        "python_version": "3.9.13 (main, Oct 13 2022, 21:15:33) \n[GCC 11.2.0]",
        "command_line_arguments": "/home/jialong/miniconda3/envs/mlagents/bin/mlagents-learn --run-id=t5_debug",
        "mlagents_version": "0.30.0",
        "mlagents_envs_version": "0.30.0",
        "communication_protocol_version": "1.5.0",
        "pytorch_version": "1.11.0+cu102",
        "numpy_version": "1.21.2",
        "end_time_seconds": "1711979015"
    },
    "total": 123.09537901799195,
    "count": 1,
    "self": 0.006176259979838505,
    "children": {
        "run_training.setup": {
            "total": 0.012154629002907313,
            "count": 1,
            "self": 0.012154629002907313
        },
        "TrainerController.start_learning": {
            "total": 123.0770481290092,
            "count": 1,
            "self": 0.15352555629215203,
            "children": {
                "TrainerController._reset_env": {
                    "total": 13.986156166996807,
                    "count": 1,
                    "self": 13.986156166996807
                },
                "TrainerController.advance": {
                    "total": 108.87384581871447,
                    "count": 5408,
                    "self": 0.1385372192307841,
                    "children": {
                        "env_step": {
                            "total": 106.4768313018285,
                            "count": 5408,
                            "self": 102.88722183123173,
                            "children": {
                                "SubprocessEnvManager._take_step": {
                                    "total": 3.507028029067442,
                                    "count": 5408,
                                    "self": 0.32963046635268256,
                                    "children": {
                                        "TorchPolicy.evaluate": {
                                            "total": 3.1773975627147593,
                                            "count": 4174,
                                            "self": 3.1773975627147593
                                        }
                                    }
                                },
                                "workers": {
                                    "total": 0.082581441529328,
                                    "count": 5407,
                                    "self": 0.0,
                                    "children": {
                                        "worker_root": {
                                            "total": 62.74719140220259,
                                            "count": 5407,
                                            "is_parallel": true,
                                            "self": 25.413290501077427,
                                            "children": {
                                                "run_training.setup": {
                                                    "total": 0.0,
                                                    "count": 0,
                                                    "is_parallel": true,
                                                    "self": 0.0,
                                                    "children": {
                                                        "steps_from_proto": {
                                                            "total": 0.0008271420083474368,
                                                            "count": 1,
                                                            "is_parallel": true,
                                                            "self": 0.0003182290092809126,
                                                            "children": {
                                                                "_process_rank_one_or_two_observation": {
                                                                    "total": 0.0005089129990665242,
                                                                    "count": 2,
                                                                    "is_parallel": true,
                                                                    "self": 0.0005089129990665242
                                                                }
                                                            }
                                                        },
                                                        "UnityEnvironment.step": {
                                                            "total": 0.038129230990307406,
                                                            "count": 1,
                                                            "is_parallel": true,
                                                            "self": 0.00014536100206896663,
                                                            "children": {
                                                                "UnityEnvironment._generate_step_input": {
                                                                    "total": 0.00020536300144158304,
                                                                    "count": 1,
                                                                    "is_parallel": true,
                                                                    "self": 0.00020536300144158304
                                                                },
                                                                "communicator.exchange": {
                                                                    "total": 0.03739293199032545,
                                                                    "count": 1,
                                                                    "is_parallel": true,
                                                                    "self": 0.03739293199032545
                                                                },
                                                                "steps_from_proto": {
                                                                    "total": 0.00038557499647140503,
                                                                    "count": 1,
                                                                    "is_parallel": true,
                                                                    "self": 0.00020692199177574366,
                                                                    "children": {
                                                                        "_process_rank_one_or_two_observation": {
                                                                            "total": 0.00017865300469566137,
                                                                            "count": 2,
                                                                            "is_parallel": true,
                                                                            "self": 0.00017865300469566137
                                                                        }
                                                                    }
                                                                }
                                                            }
                                                        }
                                                    }
                                                },
                                                "UnityEnvironment.step": {
                                                    "total": 37.33390090112516,
                                                    "count": 5406,
                                                    "is_parallel": true,
                                                    "self": 0.6039020960015478,