{
    "name": "root",
    "metadata": {
        "timer_format_version": "0.1.0",
        "start_time_seconds": "1711983437",
        "python_version": "3.9.13 (main, Oct 13 2022, 21:15:33) \n[GCC 11.2.0]",
        "command_line_arguments": "/home/jialong/miniconda3/envs/mlagents/bin/mlagents-learn --run-id=t15",
        "mlagents_version": "0.30.0",
        "mlagents_envs_version": "0.30.0",
        "communication_protocol_version": "1.5.0",
        "pytorch_version": "1.11.0+cu102",
        "numpy_version": "1.21.2",
        "end_time_seconds": "1711983499"
    },
    "total": 61.98305337599595,
    "count": 1,
    "self": 0.011032519993023016,
    "children": {
        "run_training.setup": {
            "total": 0.013688065999303944,
            "count": 1,
            "self": 0.013688065999303944
        },
        "TrainerController.start_learning": {
            "total": 61.958332790003624,
            "count": 1,
            "self": 0.11064655517111532,
            "children": {
                "TrainerController._reset_env": {
                    "total": 15.577827980989241,
                    "count": 1,
                    "self": 15.577827980989241
                },
                "TrainerController.advance": {
                    "total": 46.152849097852595,
                    "count": 4076,
                    "self": 0.0966644264117349,
                    "children": {
                        "env_step": {
                            "total": 44.46262398615363,
                            "count": 4076,
                            "self": 41.522833717303,
                            "children": {
                                "SubprocessEnvManager._take_step": {
                                    "total": 2.8782592536881566,
                                    "count": 4076,
                                    "self": 0.24571854826353956,
                                    "children": {
                                        "TorchPolicy.evaluate": {
                                            "total": 2.632540705424617,
                                            "count": 3154,
                                            "self": 2.632540705424617
                                        }
                                    }
                                },
                                "workers": {
                                    "total": 0.06153101516247261,
                                    "count": 4075,
                                    "self": 0.0,
                                    "children": {
                                        "worker_root": {
                                            "total": 57.57004694819625,
                                            "count": 4075,
                                            "is_parallel": true,
                                            "self": 24.273949339272804,
                                            "children": {
                                                "run_training.setup": {
                                                    "total": 0.0,
                                                    "count": 0,
                                                    "is_parallel": true,
                                                    "self": 0.0,
                                                    "children": {
                                                        "steps_from_proto": {
                                                            "total": 0.0008444439881714061,
                                                            "count": 1,
                                                            "is_parallel": true,
                                                            "self": 0.00019087299006059766,
                                                            "children": {
                                                                "_process_rank_one_or_two_observation": {
                                                                    "total": 0.0006535709981108084,
                                                                    "count": 2,
                                                                    "is_parallel": true,
                                                                    "self": 0.0006535709981108084
                                                                }
                                                            }
                                                        },
                                                        "UnityEnvironment.step": {
                                                            "total": 0.03286668199871201,
                                                            "count": 1,
                                                            "is_parallel": true,
                                                            "self": 9.528901136945933e-05,
                                                            "children": {
                                                                "UnityEnvironment._generate_step_input": {
                                                                    "total": 0.00016601799870841205,
                                                                    "count": 1,
                                                                    "is_parallel": true,
                                                                    "self": 0.00016601799870841205
                                                                },
                                                                "communicator.exchange": {
                                                                    "total": 0.032371938999858685,
                                                                    "count": 1,
                                                                    "is_parallel": true,
                                                                    "self": 0.032371938999858685
                                                                },
                                                                "steps_from_proto": {
                                                                    "total": 0.00023343598877545446,
                                                                    "count": 1,
                                                                    "is_parallel": true,
                                                                    "self": 0.00012966898793820292,
                                                                    "children": {
                                                                        "_process_rank_one_or_two_observation": {
                                                                            "total": 0.00010376700083725154,
                                                                            "count": 2,
                                                                            "is_parallel": true,
                                                                            "self": 0.00010376700083725154
                                                                        }
                                                                    }
                                                                }
                                                            }
                                                        }
                                                    }
                                                },
                                                "UnityEnvironment.step": {
                                                    "total": 33.296097608923446,
                                                    "count": 4074,
                                                    "is_parallel": true,
                                                    "self": 0.45542281020607334,