{
    "name": "root",
    "metadata": {
        "timer_format_version": "0.1.0",
        "start_time_seconds": "1712080322",
        "python_version": "3.9.13 (main, Oct 13 2022, 21:15:33) \n[GCC 11.2.0]",
        "command_line_arguments": "/home/jialong/miniconda3/envs/mlagents/bin/mlagents-learn --resume --run-id=t1",
        "mlagents_version": "0.30.0",
        "mlagents_envs_version": "0.30.0",
        "communication_protocol_version": "1.5.0",
        "pytorch_version": "1.11.0+cu102",
        "numpy_version": "1.21.2",
        "end_time_seconds": "1712080540"
    },
    "total": 217.84867219399894,
    "count": 1,
    "self": 0.005172695993678644,
    "children": {
        "run_training.setup": {
            "total": 0.010904824011959136,
            "count": 1,
            "self": 0.010904824011959136
        },
        "TrainerController.start_learning": {
            "total": 217.8325946739933,
            "count": 1,
            "self": 0.2962416223017499,
            "children": {
                "TrainerController._reset_env": {
                    "total": 14.730860041978303,
                    "count": 1,
                    "self": 14.730860041978303
                },
                "TrainerController.advance": {
                    "total": 202.74235784771736,
                    "count": 11380,
                    "self": 0.28973969438811764,
                    "children": {
                        "env_step": {
                            "total": 199.39265002508182,
                            "count": 11380,
                            "self": 189.69905208269483,
                            "children": {
                                "SubprocessEnvManager._take_step": {
                                    "total": 9.514625169103965,
                                    "count": 11380,
                                    "self": 0.8794367376540322,
                                    "children": {
                                        "TorchPolicy.evaluate": {
                                            "total": 8.635188431449933,
                                            "count": 11207,
                                            "self": 8.635188431449933
                                        }
                                    }
                                },
                                "workers": {
                                    "total": 0.17897277328302152,
                                    "count": 11379,
                                    "self": 0.0,
                                    "children": {
                                        "worker_root": {
                                            "total": 157.17527638259344,
                                            "count": 11379,
                                            "is_parallel": true,
                                            "self": 39.72630024864338,
                                            "children": {
                                                "run_training.setup": {
                                                    "total": 0.0,
                                                    "count": 0,
                                                    "is_parallel": true,
                                                    "self": 0.0,
                                                    "children": {
                                                        "steps_from_proto": {
                                                            "total": 0.00047681399155408144,
                                                            "count": 1,
                                                            "is_parallel": true,
                                                            "self": 0.00014864697004668415,
                                                            "children": {
                                                                "_process_rank_one_or_two_observation": {
                                                                    "total": 0.0003281670215073973,
                                                                    "count": 2,
                                                                    "is_parallel": true,
                                                                    "self": 0.0003281670215073973
                                                                }
                                                            }
                                                        },
                                                        "UnityEnvironment.step": {
                                                            "total": 0.04334665698115714,
                                                            "count": 1,
                                                            "is_parallel": true,
                                                            "self": 0.00010677796672098339,
                                                            "children": {
                                                                "UnityEnvironment._generate_step_input": {
                                                                    "total": 0.00014140698476694524,
                                                                    "count": 1,
                                                                    "is_parallel": true,
                                                                    "self": 0.00014140698476694524
                                                                },
                                                                "communicator.exchange": {
                                                                    "total": 0.04281992101459764,
                                                                    "count": 1,
                                                                    "is_parallel": true,
                                                                    "self": 0.04281992101459764
                                                                },
                                                                "steps_from_proto": {
                                                                    "total": 0.0002785510150715709,
                                                                    "count": 1,
                                                                    "is_parallel": true,
                                                                    "self": 0.00014689905219711363,
                                                                    "children": {
                                                                        "_process_rank_one_or_two_observation": {
                                                                            "total": 0.00013165196287445724,
                                                                            "count": 2,
                                                                            "is_parallel": true,
                                                                            "self": 0.00013165196287445724
                                                                        }
                                                                    }
                                                                }
                                                            }
                                                        }
                                                    }
                                                },
                                                "UnityEnvironment.step": {
                                                    "total": 117.44897613395005,
                                                    "count": 11378,
                                                    "is_parallel": true,
                                                    "self": 1.2675593159510754,