{
    "name": "root",
    "metadata": {
        "timer_format_version": "0.1.0",
        "start_time_seconds": "1711987283",
        "python_version": "3.9.13 (main, Oct 13 2022, 21:15:33) \n[GCC 11.2.0]",
        "command_line_arguments": "/home/jialong/miniconda3/envs/mlagents/bin/mlagents-learn --run-id=t27",
        "mlagents_version": "0.30.0",
        "mlagents_envs_version": "0.30.0",
        "communication_protocol_version": "1.5.0",
        "pytorch_version": "1.11.0+cu102",
        "numpy_version": "1.21.2",
        "end_time_seconds": "1711987381"
    },
    "total": 97.1280203829956,
    "count": 1,
    "self": 0.0049905689957086,
    "children": {
        "run_training.setup": {
            "total": 0.016951936995610595,
            "count": 1,
            "self": 0.016951936995610595
        },
        "TrainerController.start_learning": {
            "total": 97.10607787700428,
            "count": 1,
            "self": 0.13246423919918016,
            "children": {
                "TrainerController._reset_env": {
                    "total": 28.982733259996166,
                    "count": 1,
                    "self": 28.982733259996166
                },
                "TrainerController.advance": {
                    "total": 67.90525077180064,
                    "count": 4710,
                    "self": 0.1203871709149098,
                    "children": {
                        "env_step": {
                            "total": 67.15600898502453,
                            "count": 4710,
                            "self": 62.95685179793509,
                            "children": {
                                "SubprocessEnvManager._take_step": {
                                    "total": 4.126615903631318,
                                    "count": 4710,
                                    "self": 0.3873179346701363,
                                    "children": {
                                        "TorchPolicy.evaluate": {
                                            "total": 3.739297968961182,
                                            "count": 4631,
                                            "self": 3.739297968961182
                                        }
                                    }
                                },
                                "workers": {
                                    "total": 0.07254128345812205,
                                    "count": 4709,
                                    "self": 0.0,
                                    "children": {
                                        "worker_root": {
                                            "total": 93.63011108490173,
                                            "count": 4709,
                                            "is_parallel": true,
                                            "self": 39.092423709633294,
                                            "children": {
                                                "run_training.setup": {
                                                    "total": 0.0,
                                                    "count": 0,
                                                    "is_parallel": true,
                                                    "self": 0.0,
                                                    "children": {
                                                        "steps_from_proto": {
                                                            "total": 0.000588826005696319,
                                                            "count": 1,
                                                            "is_parallel": true,
                                                            "self": 0.0001842860074248165,
                                                            "children": {
                                                                "_process_rank_one_or_two_observation": {
                                                                    "total": 0.00040453999827150255,
                                                                    "count": 2,
                                                                    "is_parallel": true,
                                                                    "self": 0.00040453999827150255
                                                                }
                                                            }
                                                        },
                                                        "UnityEnvironment.step": {
                                                            "total": 0.04654300400579814,
                                                            "count": 1,
                                                            "is_parallel": true,
                                                            "self": 0.00012569200771395117,
                                                            "children": {
                                                                "UnityEnvironment._generate_step_input": {
                                                                    "total": 0.0002747550024650991,
                                                                    "count": 1,
                                                                    "is_parallel": true,
                                                                    "self": 0.0002747550024650991
                                                                },
                                                                "communicator.exchange": {
                                                                    "total": 0.045909484004369006,
                                                                    "count": 1,
                                                                    "is_parallel": true,
                                                                    "self": 0.045909484004369006
                                                                },
                                                                "steps_from_proto": {
                                                                    "total": 0.00023307299125008285,
                                                                    "count": 1,
                                                                    "is_parallel": true,
                                                                    "self": 0.00012490198423620313,
                                                                    "children": {
                                                                        "_process_rank_one_or_two_observation": {
                                                                            "total": 0.00010817100701387972,
                                                                            "count": 2,
                                                                            "is_parallel": true,
                                                                            "self": 0.00010817100701387972
                                                                        }
                                                                    }
                                                                }
                                                            }
                                                        }
                                                    }
                                                },
                                                "UnityEnvironment.step": {
                                                    "total": 54.53768737526843,
                                                    "count": 4708,
                                                    "is_parallel": true,
                                                    "self": 0.5288154118170496,