{
    "name": "root",
    "metadata": {
        "timer_format_version": "0.1.0",
        "start_time_seconds": "1712082446",
        "python_version": "3.9.13 (main, Oct 13 2022, 21:15:33) \n[GCC 11.2.0]",
        "command_line_arguments": "/home/jialong/miniconda3/envs/mlagents/bin/mlagents-learn --force --run-id=t3",
        "mlagents_version": "0.30.0",
        "mlagents_envs_version": "0.30.0",
        "communication_protocol_version": "1.5.0",
        "pytorch_version": "1.11.0+cu102",
        "numpy_version": "1.21.2",
        "end_time_seconds": "1712082782"
    },
    "total": 336.3398001769965,
    "count": 1,
    "self": 0.005124324990902096,
    "children": {
        "run_training.setup": {
            "total": 0.012088296003639698,
            "count": 1,
            "self": 0.012088296003639698
        },
        "TrainerController.start_learning": {
            "total": 336.32258755600196,
            "count": 1,
            "self": 0.3005505871551577,
            "children": {
                "TrainerController._reset_env": {
                    "total": 27.463762909988873,
                    "count": 1,
                    "self": 27.463762909988873
                },
                "TrainerController.advance": {
                    "total": 308.4665957118559,
                    "count": 11771,
                    "self": 0.28695075507857837,
                    "children": {
                        "env_step": {
                            "total": 305.0486705824442,
                            "count": 11771,
                            "self": 295.0299760873022,
                            "children": {
                                "SubprocessEnvManager._take_step": {
                                    "total": 9.839460978342686,
                                    "count": 11771,
                                    "self": 0.919452801317675,
                                    "children": {
                                        "TorchPolicy.evaluate": {
                                            "total": 8.92000817702501,
                                            "count": 11664,
                                            "self": 8.92000817702501
                                        }
                                    }
                                },
                                "workers": {
                                    "total": 0.179233516799286,
                                    "count": 11770,
                                    "self": 0.0,
                                    "children": {
                                        "worker_root": {
                                            "total": 215.73425629091798,
                                            "count": 11770,
                                            "is_parallel": true,
                                            "self": 52.997197137767216,
                                            "children": {
                                                "run_training.setup": {
                                                    "total": 0.0,
                                                    "count": 0,
                                                    "is_parallel": true,
                                                    "self": 0.0,
                                                    "children": {
                                                        "steps_from_proto": {
                                                            "total": 0.001004273013677448,
                                                            "count": 1,
                                                            "is_parallel": true,
                                                            "self": 0.0003517550358083099,
                                                            "children": {
                                                                "_process_rank_one_or_two_observation": {
                                                                    "total": 0.0006525179778691381,
                                                                    "count": 2,
                                                                    "is_parallel": true,
                                                                    "self": 0.0006525179778691381
                                                                }
                                                            }
                                                        },
                                                        "UnityEnvironment.step": {
                                                            "total": 0.06190826601232402,
                                                            "count": 1,
                                                            "is_parallel": true,
                                                            "self": 9.916600538417697e-05,
                                                            "children": {
                                                                "UnityEnvironment._generate_step_input": {
                                                                    "total": 0.0001313110115006566,
                                                                    "count": 1,
                                                                    "is_parallel": true,
                                                                    "self": 0.0001313110115006566
                                                                },
                                                                "communicator.exchange": {
                                                                    "total": 0.06139345100382343,
                                                                    "count": 1,
                                                                    "is_parallel": true,
                                                                    "self": 0.06139345100382343
                                                                },
                                                                "steps_from_proto": {
                                                                    "total": 0.00028433799161575735,
                                                                    "count": 1,
                                                                    "is_parallel": true,
                                                                    "self": 0.0001329529914073646,
                                                                    "children": {
                                                                        "_process_rank_one_or_two_observation": {
                                                                            "total": 0.00015138500020839274,
                                                                            "count": 2,
                                                                            "is_parallel": true,
                                                                            "self": 0.00015138500020839274
                                                                        }
                                                                    }
                                                                }
                                                            }
                                                        }
                                                    }
                                                },
                                                "UnityEnvironment.step": {
                                                    "total": 162.73705915315077,
                                                    "count": 11769,
                                                    "is_parallel": true,
                                                    "self": 1.2965002789569553,