{
    "name": "root",
    "metadata": {
        "timer_format_version": "0.1.0",
        "start_time_seconds": "1711903876",
        "python_version": "3.9.13 (tags/v3.9.13:6de2ca5, May 17 2022, 16:36:42) [MSC v.1929 64 bit (AMD64)]",
        "command_line_arguments": "C:\\Users\\User\\AppData\\Local\\Programs\\Python\\Python39\\Scripts\\mlagents-learn --run-id=test6",
        "mlagents_version": "0.30.0",
        "mlagents_envs_version": "0.30.0",
        "communication_protocol_version": "1.5.0",
        "pytorch_version": "2.2.2+cpu",
        "numpy_version": "1.21.2",
        "end_time_seconds": "1711903900"
    },
    "total": 24.0851197,
    "count": 1,
    "self": 0.005025400000000957,
    "children": {
        "run_training.setup": {
            "total": 0.014647100000000135,
            "count": 1,
            "self": 0.014647100000000135
        },
        "TrainerController.start_learning": {
            "total": 24.065447199999998,
            "count": 1,
            "self": 0.017058499999990318,
            "children": {
                "TrainerController._reset_env": {
                    "total": 15.654776599999998,
                    "count": 1,
                    "self": 15.654776599999998
                },
                "TrainerController.advance": {
                    "total": 8.34707880000001,
                    "count": 1200,
                    "self": 0.014952700000129937,
                    "children": {
                        "env_step": {
                            "total": 7.973830899999928,
                            "count": 1200,
                            "self": 7.373133399999912,
                            "children": {
                                "SubprocessEnvManager._take_step": {
                                    "total": 0.590639600000042,
                                    "count": 1200,
                                    "self": 0.03964160000002792,
                                    "children": {
                                        "TorchPolicy.evaluate": {
                                            "total": 0.5509980000000141,
                                            "count": 933,
                                            "self": 0.5509980000000141
                                        }
                                    }
                                },
                                "workers": {
                                    "total": 0.010057899999974751,
                                    "count": 1199,
                                    "self": 0.0,
                                    "children": {
                                        "worker_root": {
                                            "total": 6.052568000000077,
                                            "count": 1199,
                                            "is_parallel": true,
                                            "self": 2.155530900000116,
                                            "children": {
                                                "steps_from_proto": {
                                                    "total": 0.00015499999999946112,
                                                    "count": 1,
                                                    "is_parallel": true,
                                                    "self": 5.189999999721806e-05,
                                                    "children": {
                                                        "_process_rank_one_or_two_observation": {
                                                            "total": 0.00010310000000224306,
                                                            "count": 2,
                                                            "is_parallel": true,
                                                            "self": 0.00010310000000224306
                                                        }
                                                    }
                                                },
                                                "UnityEnvironment.step": {
                                                    "total": 3.896882099999962,
                                                    "count": 1199,
                                                    "is_parallel": true,
                                                    "self": 0.06451029999992386,
                                                    "children": {
                                                        "UnityEnvironment._generate_step_input": {
                                                            "total": 0.04667350000000958,
                                                            "count": 1199,
                                                            "is_parallel": true,
                                                            "self": 0.04667350000000958
                                                        },
                                                        "communicator.exchange": {
                                                            "total": 3.6168368000000015,
                                                            "count": 1199,
                                                            "is_parallel": true,
                                                            "self": 3.6168368000000015
                                                        },
                                                        "steps_from_proto": {
                                                            "total": 0.16886150000002687,
                                                            "count": 1199,
                                                            "is_parallel": true,
                                                            "self": 0.08749280000007609,
                                                            "children": {
                                                                "_process_rank_one_or_two_observation": {
                                                                    "total": 0.08136869999995078,
                                                                    "count": 2398,
                                                                    "is_parallel": true,
                                                                    "self": 0.08136869999995078
                                                                }
                                                            }
                                                        }
                                                    }
                                                }
                                            }
                                        }
                                    }
                                }
                            }
                        },
                        "trainer_advance": {
                            "total": 0.35829519999995085,
                            "count": 1199,
                            "self": 0.01649959999988937,
                            "children": {
                                "process_trajectory": {
                                    "total": 0.3417956000000615,
                                    "count": 1199,
                                    "self": 0.3417956000000615
                                }
                            }
                        }
                    }
                },
                "trainer_threads": {
                    "total": 1.0000000010279564e-06,
                    "count": 1,
                    "self": 1.0000000010279564e-06
                },
                "TrainerController._save_models": {
                    "total": 0.04653229999999908,