{
    "name": "root",
    "gauges": {
        "Player1Agent.Policy.Entropy.mean": {
            "value": 1.5065001249313354,
            "min": 1.3861968517303467,
            "max": 1.5077093839645386,
            "count": 91
        },
        "Player1Agent.Policy.Entropy.sum": {
            "value": 7333.642578125,
            "min": 3981.1572265625,
            "max": 8418.328125,
            "count": 91
        },
        "Player1Agent.Environment.EpisodeLength.mean": {
            "value": 10.865196078431373,
            "min": 10.482758620689655,
            "max": 32.94444444444444,
            "count": 91
        },
        "Player1Agent.Environment.EpisodeLength.sum": {
            "value": 4433.0,
            "min": 2608.0,
            "max": 5412.0,
            "count": 91
        },
        "Player1Agent.Step.mean": {
            "value": 3109987.0,
            "min": 2659994.0,
            "max": 3109987.0,
            "count": 91
        },
        "Player1Agent.Step.sum": {
            "value": 3109987.0,
            "min": 2659994.0,
            "max": 3109987.0,
            "count": 91
        },
        "Player1Agent.Policy.ExtrinsicValueEstimate.mean": {
            "value": 3294.32177734375,
            "min": 1589.84375,
            "max": 4308.31884765625,
            "count": 91
        },
        "Player1Agent.Policy.ExtrinsicValueEstimate.sum": {
            "value": 1386909.5,
            "min": 480132.8125,
            "max": 1645777.75,
            "count": 91
        },
        "Player1Agent.Environment.CumulativeReward.mean": {
            "value": 2459.769669847647,
            "min": -319.18870380758,
            "max": 3835.586485857739,
            "count": 91
        },
        "Player1Agent.Environment.CumulativeReward.sum": {
            "value": 1035563.0310058594,
            "min": -92245.53540039062,
            "max": 1465194.0375976562,
            "count": 91
        },
        "Player1Agent.Policy.ExtrinsicReward.mean": {
            "value": 2459.769669847647,
            "min": -319.18870380758,
            "max": 3835.586485857739,
            "count": 91
        },
        "Player1Agent.Policy.ExtrinsicReward.sum": {
            "value": 1035563.0310058594,
            "min": -92245.53540039062,
            "max": 1465194.0375976562,
            "count": 91
        },
        "Player1Agent.Losses.PolicyLoss.mean": {
            "value": 0.027376868497231047,
            "min": 0.021239993971539663,
            "max": 0.04557479272771161,
            "count": 91
        },
        "Player1Agent.Losses.PolicyLoss.sum": {
            "value": 0.05475373699446209,
            "min": 0.041308668931014834,
            "max": 0.10430776782304746,
            "count": 91
        },
        "Player1Agent.Losses.ValueLoss.mean": {
            "value": 1450055.4968750002,
            "min": 316775.520703125,
            "max": 2775406.9125,
            "count": 91
        },
        "Player1Agent.Losses.ValueLoss.sum": {
            "value": 2900110.9937500004,
            "min": 633551.04140625,
            "max": 6101227.356249999,
            "count": 91
        },
        "Player1Agent.Policy.LearningRate.mean": {
            "value": 0.0003784159621584099,
            "min": 0.0003784159621584099,
            "max": 0.0004681576531842399,
            "count": 91
        },
        "Player1Agent.Policy.LearningRate.sum": {
            "value": 0.0007568319243168198,
            "min": 0.0004681576531842399,
            "max": 0.0013995511600448998,
            "count": 91
        },
        "Player1Agent.Policy.Epsilon.mean": {
            "value": 0.13784159,
            "min": 0.13784159,
            "max": 0.14681576000000002,
            "count": 91
        },
        "Player1Agent.Policy.Epsilon.sum": {
            "value": 0.27568318,
            "min": 0.14681576000000002,
            "max": 0.4399551000000001,
            "count": 91
        },
        "Player1Agent.Policy.Beta.mean": {
            "value": 0.0018982953410000003,
            "min": 0.0018982953410000003,
            "max": 0.0023461064240000006,
            "count": 91
        },
        "Player1Agent.Policy.Beta.sum": {
            "value": 0.0037965906820000006,
            "min": 0.0023461064240000006,
            "max": 0.007013759489999999,
            "count": 91
        },
        "Player1Agent.IsTraining.mean": {
            "value": 1.0,
            "min": 1.0,
            "max": 1.0,
            "count": 91
        },
        "Player1Agent.IsTraining.sum": {
            "value": 1.0,
            "min": 1.0,
            "max": 1.0,
            "count": 91
        }
    },
    "metadata": {
        "timer_format_version": "0.1.0",
        "start_time_seconds": "1712239417",
        "python_version": "3.9.13 (main, Oct 13 2022, 21:15:33) \n[GCC 11.2.0]",
        "command_line_arguments": "/home/jialong/miniconda3/envs/mlagents/bin/mlagents-learn --resume ./TrainingConfigs/dev4_complex.yaml --run-id=dev4 --time-scale=30",
        "mlagents_version": "0.30.0",
        "mlagents_envs_version": "0.30.0",
        "communication_protocol_version": "1.5.0",
        "pytorch_version": "1.11.0+cu102",
        "numpy_version": "1.21.2",
        "end_time_seconds": "1712240869"
    },
    "total": 1452.4794302319642,
    "count": 1,
    "self": 0.006438811018597335,
    "children": {
        "run_training.setup": {
            "total": 0.019326246983837336,
            "count": 1,
            "self": 0.019326246983837336
        },
        "TrainerController.start_learning": {
            "total": 1452.4536651739618,
            "count": 1,
            "self": 5.360680272220634,
            "children": {
                "TrainerController._reset_env": {
                    "total": 8.13779768999666,
                    "count": 1,
                    "self": 8.13779768999666
                },
                "TrainerController.advance": {
                    "total": 1438.9004674737225,
                    "count": 136604,
                    "self": 2.483991965127643,
                    "children": {
                        "env_step": {
                            "total": 1436.4164755085949,
                            "count": 136604,
                            "self": 1122.4384004021995,
                            "children": {
                                "SubprocessEnvManager._take_step": {
                                    "total": 311.4830078590894,
                                    "count": 136604,
                                    "self": 11.076289444346912,
                                    "children": {
                                        "TorchPolicy.evaluate": {
                                            "total": 300.4067184147425,
                                            "count": 113396,
                                            "self": 300.4067184147425
                                        }
                                    }
                                },
                                "workers": {
                                    "total": 2.4950672473059967,
                                    "count": 136603,
                                    "self": 0.0,
                                    "children": {
                                        "worker_root": {
                                            "total": 1447.2297809472657,
                                            "count": 136603,
                                            "is_parallel": true,
                                            "self": 553.5043555566226,
                                            "children": {
                                                "run_training.setup": {
                                                    "total": 0.0,
                                                    "count": 0,
                                                    "is_parallel": true,