{
    "name": "root",
    "gauges": {
        "Player1Agent.Policy.Entropy.mean": {
            "value": 1.382178544998169,
            "min": 1.3753947019577026,
            "max": 1.382178544998169,
            "count": 3
        },
        "Player1Agent.Policy.Entropy.sum": {
            "value": 6910.892578125,
            "min": 2058.9658203125,
            "max": 6910.892578125,
            "count": 3
        },
        "Player1Agent.Environment.EpisodeLength.mean": {
            "value": 13.084507042253522,
            "min": 10.880952380952381,
            "max": 13.084507042253522,
            "count": 3
        },
        "Player1Agent.Environment.EpisodeLength.sum": {
            "value": 4645.0,
            "min": 1371.0,
            "max": 4645.0,
            "count": 3
        },
        "Player1Agent.Step.mean": {
            "value": 2654985.0,
            "min": 2644994.0,
            "max": 2654985.0,
            "count": 3
        },
        "Player1Agent.Step.sum": {
            "value": 2654985.0,
            "min": 2644994.0,
            "max": 2654985.0,
            "count": 3
        },
        "Player1Agent.Policy.ExtrinsicValueEstimate.mean": {
            "value": 3722.800048828125,
            "min": 3418.309326171875,
            "max": 3848.858154296875,
            "count": 3
        },
        "Player1Agent.Policy.ExtrinsicValueEstimate.sum": {
            "value": 1321594.0,
            "min": 481107.28125,
            "max": 1394670.25,
            "count": 3
        },
        "Player1Agent.Environment.CumulativeReward.mean": {
            "value": 3005.2286645163954,
            "min": 2626.53023184982,
            "max": 3005.2286645163954,
            "count": 3
        },
        "Player1Agent.Environment.CumulativeReward.sum": {
            "value": 1066856.1759033203,
            "min": 330896.9465332031,
            "max": 1071624.3345947266,
            "count": 3
        },
        "Player1Agent.Policy.ExtrinsicReward.mean": {
            "value": 3005.2286645163954,
            "min": 2626.53023184982,
            "max": 3005.2286645163954,
            "count": 3
        },
        "Player1Agent.Policy.ExtrinsicReward.sum": {
            "value": 1066856.1759033203,
            "min": 330896.9465332031,
            "max": 1071624.3345947266,
            "count": 3
        },
        "Player1Agent.IsTraining.mean": {
            "value": 1.0,
            "min": 1.0,
            "max": 1.0,
            "count": 3
        },
        "Player1Agent.IsTraining.sum": {
            "value": 1.0,
            "min": 1.0,
            "max": 1.0,
            "count": 3
        },
        "Player1Agent.Losses.PolicyLoss.mean": {
            "value": 0.03641228069755016,
            "min": 0.03415869695212071,
            "max": 0.03641228069755016,
            "count": 2
        },
        "Player1Agent.Losses.PolicyLoss.sum": {
            "value": 0.07282456139510032,
            "min": 0.07282456139510032,
            "max": 0.10247609085636214,
            "count": 2
        },
        "Player1Agent.Losses.ValueLoss.mean": {
            "value": 694047.23984375,
            "min": 694047.23984375,
            "max": 884418.4854166666,
            "count": 2
        },
        "Player1Agent.Losses.ValueLoss.sum": {
            "value": 1388094.4796875,
            "min": 1388094.4796875,
            "max": 2653255.45625,
            "count": 2
        },
        "Player1Agent.Policy.LearningRate.mean": {
            "value": 0.0004694027530597299,
            "min": 0.0004694027530597299,
            "max": 0.00047047591961908,
            "count": 2
        },
        "Player1Agent.Policy.LearningRate.sum": {
            "value": 0.0009388055061194598,
            "min": 0.0009388055061194598,
            "max": 0.0014114277588572399,
            "count": 2
        },
        "Player1Agent.Policy.Epsilon.mean": {
            "value": 0.14694026999999998,
            "min": 0.14694026999999998,
            "max": 0.14704758666666665,
            "count": 2
        },
        "Player1Agent.Policy.Epsilon.sum": {
            "value": 0.29388053999999997,
            "min": 0.29388053999999997,
            "max": 0.44114275999999997,
            "count": 2
        },
        "Player1Agent.Policy.Beta.mean": {
            "value": 0.0023523194729999997,
            "min": 0.0023523194729999997,
            "max": 0.0023576745746666673,
            "count": 2
        },
        "Player1Agent.Policy.Beta.sum": {
            "value": 0.004704638945999999,
            "min": 0.004704638945999999,
            "max": 0.007073023724000002,
            "count": 2
        }
    },
    "metadata": {
        "timer_format_version": "0.1.0",
        "start_time_seconds": "1712172253",
        "python_version": "3.9.13 (main, Oct 13 2022, 21:15:33) \n[GCC 11.2.0]",
        "command_line_arguments": "/home/jialong/miniconda3/envs/mlagents/bin/mlagents-learn --resume ./TrainingConfigs/dev4_complex.yaml --run-id=dev4",
        "mlagents_version": "0.30.0",
        "mlagents_envs_version": "0.30.0",
        "communication_protocol_version": "1.5.0",
        "pytorch_version": "1.11.0+cu102",
        "numpy_version": "1.21.2",
        "end_time_seconds": "1712172419"
    },
    "total": 165.62579096702393,
    "count": 1,
    "self": 0.004838049062527716,
    "children": {
        "run_training.setup": {
            "total": 0.016433689976111054,
            "count": 1,
            "self": 0.016433689976111054
        },
        "TrainerController.start_learning": {
            "total": 165.6045192279853,
            "count": 1,
            "self": 0.4611765496083535,
            "children": {
                "TrainerController._reset_env": {
                    "total": 6.514922779984772,
                    "count": 1,
                    "self": 6.514922779984772
                },
                "TrainerController.advance": {
                    "total": 158.583312085364,
                    "count": 14513,
                    "self": 0.21141658042324707,
                    "children": {
                        "env_step": {
                            "total": 158.37189550494077,
                            "count": 14513,
                            "self": 141.06541484082118,
                            "children": {
                                "SubprocessEnvManager._take_step": {
                                    "total": 17.085798108018935,
                                    "count": 14513,
                                    "self": 0.976591722399462,
                                    "children": {
                                        "TorchPolicy.evaluate": {
                                            "total": 16.109206385619473,
                                            "count": 13652,
                                            "self": 16.109206385619473
                                        }
                                    }
                                },
                                "workers": {
                                    "total": 0.22068255610065535,
                                    "count": 14512,
                                    "self": 0.0,
                                    "children": {
                                        "worker_root": {
                                            "total": 154.98131199157797,
                                            "count": 14512,
                                            "is_parallel": true,
                                            "self": 38.705224952311255,
                                            "children": {
                                                "run_training.setup": {
                                                    "total": 0.0,
                                                    "count": 0,
                                                    "is_parallel": true,