{"count":1,"self":112.73634559999999,"total":153.30248699999999,"children":{"InitializeActuators":{"count":4,"self":0.001736,"total":0.001736,"children":null},"InitializeSensors":{"count":4,"self":0.0023899999999999998,"total":0.0023899999999999998,"children":null},"AgentSendState":{"count":6807,"self":0.044802999999999996,"total":0.085716,"children":{"CollectObservations":{"count":2724,"self":0.01277,"total":0.01277,"children":null},"WriteActionMask":{"count":2724,"self":0.0035069999999999997,"total":0.0035069999999999997,"children":null},"RequestDecision":{"count":2724,"self":0.024635999999999998,"total":0.024635999999999998,"children":null}}},"DecideAction":{"count":6807,"self":39.9216224,"total":39.921623,"children":null},"AgentAct":{"count":6807,"self":0.55384499999999992,"total":0.55384499999999992,"children":null}},"gauges":{"Player1Agent.CumulativeReward":{"count":79,"max":5247.60645,"min":-12434.6221,"runningAverage":-2027.37524,"value":4272.268,"weightedAverage":-2564.99756},"Player2Agent.CumulativeReward":{"count":77,"max":5255.27832,"min":-11188.1719,"runningAverage":-1310.32751,"value":-6448.65869,"weightedAverage":-539.999939}},"metadata":{"timer_format_version":"0.1.0","start_time_seconds":"1712414088","unity_version":"2022.3.19f1","command_line_arguments":"\/home\/jialong\/Unity\/Hub\/Editor\/2022.3.19f1\/Editor\/Unity -projectpath \/home\/jialong\/Unity\/tryAgain-ml\/tryAgain-ml -useHub -hubIPC -cloudEnvironment production -licensingIpc LicenseClient-jialong -hubSessionId 297d8e85-9749-485f-84a8-ca1bab33e4f9 -accessToken QzDzY97IRIUXw3Sq321eUluKlWLV0VPjSGv0kF-GYiQ01ef","communication_protocol_version":"1.5.0","com.unity.ml-agents_version":"2.0.1","scene_name":"SampleScene","end_time_seconds":"1712414241"}}