{"count":1,"self":362.4969216,"total":700.73044399999992,"children":{"InitializeActuators":{"count":2,"self":0.001753,"total":0.001753,"children":null},"InitializeSensors":{"count":2,"self":0.003104,"total":0.003104,"children":null},"AgentSendState":{"count":321567,"self":0.913431,"total":3.0087729999999997,"children":{"CollectObservations":{"count":64314,"self":0.237784,"total":0.237784,"children":null},"WriteActionMask":{"count":64314,"self":0.065267999999999993,"total":0.065267999999999993,"children":null},"RequestDecision":{"count":64314,"self":0.38371299999999997,"total":1.79229,"children":{"AgentInfo.ToProto":{"count":64314,"self":0.41619599999999995,"total":1.408577,"children":{"GenerateSensorData":{"count":64314,"self":0.992381,"total":0.992381,"children":null}}}}}}},"DecideAction":{"count":321567,"self":320.70625279999996,"total":320.706252,"children":null},"AgentAct":{"count":321567,"self":14.410393599999999,"total":14.513053999999999,"children":{"AgentInfo.ToProto":{"count":4402,"self":0.033867999999999995,"total":0.10266,"children":{"GenerateSensorData":{"count":4402,"self":0.068791999999999992,"total":0.068791999999999992,"children":null}}}}}},"gauges":{"Player1Agent.CumulativeReward":{"count":4402,"max":12975.9863,"min":-20378.5039,"runningAverage":2841.64844,"value":1523.312,"weightedAverage":2670.89478}},"metadata":{"timer_format_version":"0.1.0","start_time_seconds":"1712141618","unity_version":"2022.3.19f1","command_line_arguments":"\/home\/jialong\/Unity\/Hub\/Editor\/2022.3.19f1\/Editor\/Unity -projectpath \/home\/jialong\/Unity\/tryAgain-ml\/tryAgain-ml -useHub -hubIPC -cloudEnvironment production -licensingIpc LicenseClient-jialong -hubSessionId a865348c-caab-41b5-abca-59ea73994a89 -accessToken hEL06HNUHBOi5RCQxUoyOscyVg3PU4BJWMJCKui6OjI01ef","communication_protocol_version":"1.5.0","com.unity.ml-agents_version":"2.0.1","scene_name":"SampleScene","end_time_seconds":"1712142319"}}