{"count":1,"self":686.7286528,"total":946.00066799999991,"children":{"InitializeActuators":{"count":4,"self":0.003045,"total":0.003045,"children":null},"InitializeSensors":{"count":4,"self":0.00534,"total":0.00534,"children":null},"AgentSendState":{"count":46555,"self":0.28552299999999997,"total":0.49907799999999997,"children":{"CollectObservations":{"count":18622,"self":0.088523999999999992,"total":0.088523999999999992,"children":null},"WriteActionMask":{"count":18622,"self":0.026553999999999998,"total":0.026553999999999998,"children":null},"RequestDecision":{"count":18622,"self":0.098477,"total":0.098477,"children":null}}},"DecideAction":{"count":46555,"self":250.80616959999998,"total":250.80615799999998,"children":null},"AgentAct":{"count":46555,"self":7.9577751999999995,"total":7.957775,"children":null}},"gauges":{"Player1Agent.CumulativeReward":{"count":1953,"max":10042.165,"min":-49087.7461,"runningAverage":999.148254,"value":-4592.73242,"weightedAverage":318.753082},"Player2Agent.CumulativeReward":{"count":1942,"max":10060.3447,"min":-50677.2422,"runningAverage":-1758.3728,"value":4883.68262,"weightedAverage":-398.504028}},"metadata":{"timer_format_version":"0.1.0","start_time_seconds":"1712328423","unity_version":"2022.3.19f1","command_line_arguments":"\/home\/jialong\/Unity\/Hub\/Editor\/2022.3.19f1\/Editor\/Unity -projectpath \/home\/jialong\/Unity\/tryAgain-ml\/tryAgain-ml -useHub -hubIPC -cloudEnvironment production -licensingIpc LicenseClient-jialong -hubSessionId 297d8e85-9749-485f-84a8-ca1bab33e4f9 -accessToken RQwou-2032xpeTxeA1hxjYyrLpmmJ-9z-x11gloS0DY01ef","communication_protocol_version":"1.5.0","com.unity.ml-agents_version":"2.0.1","scene_name":"SampleScene","end_time_seconds":"1712329369"}}