{
    "name": "root",
    "metadata": {
        "timer_format_version": "0.1.0",
        "start_time_seconds": "1711901241",
        "python_version": "3.9.13 (tags/v3.9.13:6de2ca5, May 17 2022, 16:36:42) [MSC v.1929 64 bit (AMD64)]",
        "command_line_arguments": "C:\\Users\\User\\AppData\\Local\\Programs\\Python\\Python39\\Scripts\\mlagents-learn TrainingConfigs/config.yaml --run-id=Player1AgentRun8",
        "mlagents_version": "0.30.0",
        "mlagents_envs_version": "0.30.0",
        "communication_protocol_version": "1.5.0",
        "pytorch_version": "2.2.2+cpu",
        "numpy_version": "1.21.2",
        "end_time_seconds": "1711901317"
    },
    "total": 76.5760772,
    "count": 1,
    "self": 0.004659400000008418,
    "children": {
        "run_training.setup": {
            "total": 0.05327599999999988,
            "count": 1,
            "self": 0.05327599999999988
        },
        "TrainerController.start_learning": {
            "total": 76.5181418,
            "count": 1,
            "self": 0.03068359999997483,
            "children": {
                "TrainerController._reset_env": {
                    "total": 5.3292455,
                    "count": 1,
                    "self": 5.3292455
                },
                "TrainerController.advance": {
                    "total": 71.11380090000003,
                    "count": 2229,
                    "self": 0.027596700000003693,
                    "children": {
                        "env_step": {
                            "total": 70.4281675,
                            "count": 2229,
                            "self": 69.38185620000002,
                            "children": {
                                "SubprocessEnvManager._take_step": {
                                    "total": 1.0285459000000063,
                                    "count": 2229,
                                    "self": 0.06861319999996596,
                                    "children": {
                                        "TorchPolicy.evaluate": {
                                            "total": 0.9599327000000404,
                                            "count": 1721,
                                            "self": 0.9599327000000404
                                        }
                                    }
                                },
                                "workers": {
                                    "total": 0.01776539999998228,
                                    "count": 2228,
                                    "self": 0.0,
                                    "children": {
                                        "worker_root": {
                                            "total": 10.226956000000042,
                                            "count": 2228,
                                            "is_parallel": true,
                                            "self": 3.488849800000045,
                                            "children": {
                                                "steps_from_proto": {
                                                    "total": 0.00016270000000062623,
                                                    "count": 1,
                                                    "is_parallel": true,
                                                    "self": 5.3499999999928605e-05,
                                                    "children": {
                                                        "_process_rank_one_or_two_observation": {
                                                            "total": 0.00010920000000069763,
                                                            "count": 2,
                                                            "is_parallel": true,
                                                            "self": 0.00010920000000069763
                                                        }
                                                    }
                                                },
                                                "UnityEnvironment.step": {
                                                    "total": 6.7379434999999965,
                                                    "count": 2228,
                                                    "is_parallel": true,
                                                    "self": 0.10901489999999026,
                                                    "children": {
                                                        "UnityEnvironment._generate_step_input": {
                                                            "total": 0.07570699999996755,
                                                            "count": 2228,
                                                            "is_parallel": true,
                                                            "self": 0.07570699999996755
                                                        },
                                                        "communicator.exchange": {
                                                            "total": 6.281876300000048,
                                                            "count": 2228,
                                                            "is_parallel": true,
                                                            "self": 6.281876300000048
                                                        },
                                                        "steps_from_proto": {
                                                            "total": 0.27134529999999035,
                                                            "count": 2228,
                                                            "is_parallel": true,
                                                            "self": 0.1373494000000326,
                                                            "children": {
                                                                "_process_rank_one_or_two_observation": {
                                                                    "total": 0.13399589999995776,
                                                                    "count": 4456,
                                                                    "is_parallel": true,
                                                                    "self": 0.13399589999995776
                                                                }
                                                            }
                                                        }
                                                    }
                                                }
                                            }
                                        }
                                    }
                                }
                            }
                        },
                        "trainer_advance": {
                            "total": 0.6580367000000207,
                            "count": 2228,
                            "self": 0.029684300000056396,
                            "children": {
                                "process_trajectory": {
                                    "total": 0.6283523999999643,
                                    "count": 2228,
                                    "self": 0.6283523999999643
                                }
                            }
                        }
                    }
                },
                "TrainerController._save_models": {
                    "total": 0.044411799999991786,
                    "count": 1,
                    "self": 2.1300000000223918e-05,