{
    "name": "root",
    "metadata": {
        "timer_format_version": "0.1.0",
        "start_time_seconds": "1712089787",
        "python_version": "3.9.13 (main, Oct 13 2022, 21:15:33) \n[GCC 11.2.0]",
        "command_line_arguments": "/home/jialong/miniconda3/envs/mlagents/bin/mlagents-learn --run-id=main_plus",
        "mlagents_version": "0.30.0",
        "mlagents_envs_version": "0.30.0",
        "communication_protocol_version": "1.5.0",
        "pytorch_version": "1.11.0+cu102",
        "numpy_version": "1.21.2",
        "end_time_seconds": "1712089918"
    },
    "total": 131.0180080109858,
    "count": 1,
    "self": 0.0043649079743772745,
    "children": {
        "run_training.setup": {
            "total": 0.01019433600595221,
            "count": 1,
            "self": 0.01019433600595221
        },
        "TrainerController.start_learning": {
            "total": 131.00344876700547,
            "count": 1,
            "self": 0.0965388674812857,
            "children": {
                "TrainerController._reset_env": {
                    "total": 13.78503103600815,
                    "count": 1,
                    "self": 13.78503103600815
                },
                "TrainerController.advance": {
                    "total": 117.0716865475406,
                    "count": 4249,
                    "self": 0.09805483050877228,
                    "children": {
                        "env_step": {
                            "total": 116.50263450448983,
                            "count": 4249,
                            "self": 113.49961203127168,
                            "children": {
                                "SubprocessEnvManager._take_step": {
                                    "total": 2.946838883770397,
                                    "count": 4249,
                                    "self": 0.2541283701721113,
                                    "children": {
                                        "TorchPolicy.evaluate": {
                                            "total": 2.6927105135982856,
                                            "count": 4174,
                                            "self": 2.6927105135982856
                                        }
                                    }
                                },
                                "workers": {
                                    "total": 0.05618358944775537,
                                    "count": 4248,
                                    "self": 0.0,
                                    "children": {
                                        "worker_root": {
                                            "total": 70.76123000544612,
                                            "count": 4248,
                                            "is_parallel": true,
                                            "self": 21.092942572955508,
                                            "children": {
                                                "run_training.setup": {
                                                    "total": 0.0,
                                                    "count": 0,
                                                    "is_parallel": true,
                                                    "self": 0.0,
                                                    "children": {
                                                        "steps_from_proto": {
                                                            "total": 0.000850401003845036,
                                                            "count": 1,
                                                            "is_parallel": true,
                                                            "self": 0.0002662650076672435,
                                                            "children": {
                                                                "_process_rank_one_or_two_observation": {
                                                                    "total": 0.0005841359961777925,
                                                                    "count": 2,
                                                                    "is_parallel": true,
                                                                    "self": 0.0005841359961777925
                                                                }
                                                            }
                                                        },
                                                        "UnityEnvironment.step": {
                                                            "total": 0.0652127200155519,
                                                            "count": 1,
                                                            "is_parallel": true,
                                                            "self": 0.00012766305007971823,
                                                            "children": {
                                                                "UnityEnvironment._generate_step_input": {
                                                                    "total": 0.00014783197548240423,
                                                                    "count": 1,
                                                                    "is_parallel": true,
                                                                    "self": 0.00014783197548240423
                                                                },
                                                                "communicator.exchange": {
                                                                    "total": 0.06458349199965596,
                                                                    "count": 1,
                                                                    "is_parallel": true,
                                                                    "self": 0.06458349199965596
                                                                },
                                                                "steps_from_proto": {
                                                                    "total": 0.00035373299033381045,
                                                                    "count": 1,
                                                                    "is_parallel": true,
                                                                    "self": 0.00019381995662115514,
                                                                    "children": {
                                                                        "_process_rank_one_or_two_observation": {
                                                                            "total": 0.0001599130337126553,
                                                                            "count": 2,
                                                                            "is_parallel": true,
                                                                            "self": 0.0001599130337126553
                                                                        }
                                                                    }
                                                                }
                                                            }
                                                        }
                                                    }
                                                },
                                                "UnityEnvironment.step": {
                                                    "total": 49.668287432490615,
                                                    "count": 4247,
                                                    "is_parallel": true,
                                                    "self": 0.3955741882091388,