{
    "name": "root",
    "metadata": {
        "timer_format_version": "0.1.0",
        "start_time_seconds": "1711892588",
        "python_version": "3.9.13 (tags/v3.9.13:6de2ca5, May 17 2022, 16:36:42) [MSC v.1929 64 bit (AMD64)]",
        "command_line_arguments": "C:\\Users\\User\\AppData\\Local\\Programs\\Python\\Python39\\Scripts\\mlagents-learn TrainingConfigs/config.yaml --run-id=Player1AgentRun1",
        "mlagents_version": "0.30.0",
        "mlagents_envs_version": "0.30.0",
        "communication_protocol_version": "1.5.0",
        "pytorch_version": "2.2.2+cpu",
        "numpy_version": "1.21.2",
        "end_time_seconds": "1711892640"
    },
    "total": 52.189937900000004,
    "count": 1,
    "self": 10.005172899999998,
    "children": {
        "run_training.setup": {
            "total": 0.04616179999999992,
            "count": 1,
            "self": 0.04616179999999992
        },
        "TrainerController.start_learning": {
            "total": 42.138603200000006,
            "count": 1,
            "self": 0.02388740000001377,
            "children": {
                "TrainerController._reset_env": {
                    "total": 9.4754599,
                    "count": 1,
                    "self": 9.4754599
                },
                "TrainerController.advance": {
                    "total": 32.60091459999998,
                    "count": 2107,
                    "self": 0.022171999999955005,
                    "children": {
                        "env_step": {
                            "total": 32.45000489999996,
                            "count": 2107,
                            "self": 31.322021000000014,
                            "children": {
                                "SubprocessEnvManager._take_step": {
                                    "total": 1.1134010999999457,
                                    "count": 2108,
                                    "self": 0.07642700000004155,
                                    "children": {
                                        "TorchPolicy.evaluate": {
                                            "total": 1.0369740999999042,
                                            "count": 2108,
                                            "self": 1.0369740999999042
                                        }
                                    }
                                },
                                "workers": {
                                    "total": 0.014582800000001228,
                                    "count": 2106,
                                    "self": 0.0,
                                    "children": {
                                        "worker_root": {
                                            "total": 10.198690099999967,
                                            "count": 2106,
                                            "is_parallel": true,
                                            "self": 3.101915299999966,
                                            "children": {
                                                "steps_from_proto": {
                                                    "total": 0.0004283000000011583,
                                                    "count": 2,
                                                    "is_parallel": true,
                                                    "self": 0.00014080000000227244,
                                                    "children": {
                                                        "_process_rank_one_or_two_observation": {
                                                            "total": 0.00028749999999888587,
                                                            "count": 4,
                                                            "is_parallel": true,
                                                            "self": 0.00028749999999888587
                                                        }
                                                    }
                                                },
                                                "UnityEnvironment.step": {
                                                    "total": 7.096346499999999,
                                                    "count": 2106,
                                                    "is_parallel": true,
                                                    "self": 0.0911227999998534,
                                                    "children": {
                                                        "UnityEnvironment._generate_step_input": {
                                                            "total": 0.0780770000000004,
                                                            "count": 2106,
                                                            "is_parallel": true,
                                                            "self": 0.0780770000000004
                                                        },
                                                        "communicator.exchange": {
                                                            "total": 6.69158010000003,
                                                            "count": 2106,
                                                            "is_parallel": true,
                                                            "self": 6.69158010000003
                                                        },
                                                        "steps_from_proto": {
                                                            "total": 0.23556660000011576,
                                                            "count": 2106,
                                                            "is_parallel": true,
                                                            "self": 0.12273090000013553,
                                                            "children": {
                                                                "_process_rank_one_or_two_observation": {
                                                                    "total": 0.11283569999998022,
                                                                    "count": 4212,
                                                                    "is_parallel": true,
                                                                    "self": 0.11283569999998022
                                                                }
                                                            }
                                                        }
                                                    }
                                                }
                                            }
                                        }
                                    }
                                }
                            }
                        },
                        "trainer_advance": {
                            "total": 0.12873770000006424,
                            "count": 2106,
                            "self": 0.02485950000012771,
                            "children": {
                                "process_trajectory": {
                                    "total": 0.10387819999993653,
                                    "count": 2106,
                                    "self": 0.10387819999993653
                                }
                            }
                        }
                    }
                },
                "trainer_threads": {
                    "total": 5.999999999062311e-07,
                    "count": 1,
                    "self": 5.999999999062311e-07
                },
                "TrainerController._save_models": {
                    "total": 0.03834070000000622,