{
    "name": "root",
    "metadata": {
        "timer_format_version": "0.1.0",
        "start_time_seconds": "1711896657",
        "python_version": "3.9.13 (tags/v3.9.13:6de2ca5, May 17 2022, 16:36:42) [MSC v.1929 64 bit (AMD64)]",
        "command_line_arguments": "C:\\Users\\User\\AppData\\Local\\Programs\\Python\\Python39\\Scripts\\mlagents-learn TrainingConfigs/config.yaml --run-id=Player1AgentRun3",
        "mlagents_version": "0.30.0",
        "mlagents_envs_version": "0.30.0",
        "communication_protocol_version": "1.5.0",
        "pytorch_version": "2.2.2+cpu",
        "numpy_version": "1.21.2",
        "end_time_seconds": "1711896708"
    },
    "total": 51.1127897,
    "count": 1,
    "self": 10.004155699999998,
    "children": {
        "run_training.setup": {
            "total": 0.048578199999999905,
            "count": 1,
            "self": 0.048578199999999905
        },
        "TrainerController.start_learning": {
            "total": 41.0600558,
            "count": 1,
            "self": 0.06449450000008738,
            "children": {
                "TrainerController._reset_env": {
                    "total": 5.6818911,
                    "count": 1,
                    "self": 5.6818911
                },
                "TrainerController.advance": {
                    "total": 35.28285519999991,
                    "count": 5588,
                    "self": 0.0587682999997341,
                    "children": {
                        "env_step": {
                            "total": 33.819985400000014,
                            "count": 5588,
                            "self": 31.66978800000032,
                            "children": {
                                "SubprocessEnvManager._take_step": {
                                    "total": 2.1113076999998395,
                                    "count": 5589,
                                    "self": 0.15173409999992948,
                                    "children": {
                                        "TorchPolicy.evaluate": {
                                            "total": 1.95957359999991,
                                            "count": 4312,
                                            "self": 1.95957359999991
                                        }
                                    }
                                },
                                "workers": {
                                    "total": 0.0388896999998547,
                                    "count": 5587,
                                    "self": 0.0,
                                    "children": {
                                        "worker_root": {
                                            "total": 22.473125099999972,
                                            "count": 5587,
                                            "is_parallel": true,
                                            "self": 6.655754999999996,
                                            "children": {
                                                "steps_from_proto": {
                                                    "total": 0.0003312000000006421,
                                                    "count": 2,
                                                    "is_parallel": true,
                                                    "self": 0.0001029000000016822,
                                                    "children": {
                                                        "_process_rank_one_or_two_observation": {
                                                            "total": 0.0002282999999989599,
                                                            "count": 4,
                                                            "is_parallel": true,
                                                            "self": 0.0002282999999989599
                                                        }
                                                    }
                                                },
                                                "UnityEnvironment.step": {
                                                    "total": 15.817038899999975,
                                                    "count": 5587,
                                                    "is_parallel": true,
                                                    "self": 0.24235289999999665,
                                                    "children": {
                                                        "UnityEnvironment._generate_step_input": {
                                                            "total": 0.16535969999996158,
                                                            "count": 5587,
                                                            "is_parallel": true,
                                                            "self": 0.16535969999996158
                                                        },
                                                        "communicator.exchange": {
                                                            "total": 14.82183880000001,
                                                            "count": 5587,
                                                            "is_parallel": true,
                                                            "self": 14.82183880000001
                                                        },
                                                        "steps_from_proto": {
                                                            "total": 0.5874875000000044,
                                                            "count": 5587,
                                                            "is_parallel": true,
                                                            "self": 0.3030932000002018,
                                                            "children": {
                                                                "_process_rank_one_or_two_observation": {
                                                                    "total": 0.2843942999998026,
                                                                    "count": 11174,
                                                                    "is_parallel": true,
                                                                    "self": 0.2843942999998026
                                                                }
                                                            }
                                                        }
                                                    }
                                                }
                                            }
                                        }
                                    }
                                }
                            }
                        },
                        "trainer_advance": {
                            "total": 1.4041015000001575,
                            "count": 5587,
                            "self": 0.06313500000003636,
                            "children": {
                                "process_trajectory": {
                                    "total": 1.3409665000001212,
                                    "count": 5587,
                                    "self": 1.3409665000001212
                                }
                            }
                        }
                    }
                },
                "trainer_threads": {
                    "total": 1.5000000033182914e-06,
                    "count": 1,
                    "self": 1.5000000033182914e-06
                },
                "TrainerController._save_models": {
                    "total": 0.030813500000000715,