{
    "name": "root",
    "metadata": {
        "timer_format_version": "0.1.0",
        "start_time_seconds": "1711986020",
        "python_version": "3.9.13 (main, Oct 13 2022, 21:15:33) \n[GCC 11.2.0]",
        "command_line_arguments": "/home/jialong/miniconda3/envs/mlagents/bin/mlagents-learn --run-id=t22",
        "mlagents_version": "0.30.0",
        "mlagents_envs_version": "0.30.0",
        "communication_protocol_version": "1.5.0",
        "pytorch_version": "1.11.0+cu102",
        "numpy_version": "1.21.2",
        "end_time_seconds": "1711986138"
    },
    "total": 118.34334712701093,
    "count": 1,
    "self": 0.004390089015942067,
    "children": {
        "run_training.setup": {
            "total": 0.01493990900053177,
            "count": 1,
            "self": 0.01493990900053177
        },
        "TrainerController.start_learning": {
            "total": 118.32401712899446,
            "count": 1,
            "self": 0.08664622504147701,
            "children": {
                "TrainerController._reset_env": {
                    "total": 8.580223016004311,
                    "count": 1,
                    "self": 8.580223016004311
                },
                "TrainerController.advance": {
                    "total": 109.57600169494981,
                    "count": 3387,
                    "self": 0.08230599228409119,
                    "children": {
                        "env_step": {
                            "total": 109.06798862169671,
                            "count": 3387,
                            "self": 106.2886629668501,
                            "children": {
                                "SubprocessEnvManager._take_step": {
                                    "total": 2.7293665388569934,
                                    "count": 3387,
                                    "self": 0.2412373050028691,
                                    "children": {
                                        "TorchPolicy.evaluate": {
                                            "total": 2.4881292338541243,
                                            "count": 3337,
                                            "self": 2.4881292338541243
                                        }
                                    }
                                },
                                "workers": {
                                    "total": 0.04995911598962266,
                                    "count": 3386,
                                    "self": 0.0,
                                    "children": {
                                        "worker_root": {
                                            "total": 58.055261989386054,
                                            "count": 3386,
                                            "is_parallel": true,
                                            "self": 15.339168787846575,
                                            "children": {
                                                "run_training.setup": {
                                                    "total": 0.0,
                                                    "count": 0,
                                                    "is_parallel": true,
                                                    "self": 0.0,
                                                    "children": {
                                                        "steps_from_proto": {
                                                            "total": 0.0007419790053972974,
                                                            "count": 1,
                                                            "is_parallel": true,
                                                            "self": 0.0002407870051683858,
                                                            "children": {
                                                                "_process_rank_one_or_two_observation": {
                                                                    "total": 0.0005011920002289116,
                                                                    "count": 2,
                                                                    "is_parallel": true,
                                                                    "self": 0.0005011920002289116
                                                                }
                                                            }
                                                        },
                                                        "UnityEnvironment.step": {
                                                            "total": 0.05291324699646793,
                                                            "count": 1,
                                                            "is_parallel": true,
                                                            "self": 0.00014318399189505726,
                                                            "children": {
                                                                "UnityEnvironment._generate_step_input": {
                                                                    "total": 0.000163826989592053,
                                                                    "count": 1,
                                                                    "is_parallel": true,
                                                                    "self": 0.000163826989592053
                                                                },
                                                                "communicator.exchange": {
                                                                    "total": 0.052166260007652454,
                                                                    "count": 1,
                                                                    "is_parallel": true,
                                                                    "self": 0.052166260007652454
                                                                },
                                                                "steps_from_proto": {
                                                                    "total": 0.0004399760073283687,
                                                                    "count": 1,
                                                                    "is_parallel": true,
                                                                    "self": 0.00026022201927844435,
                                                                    "children": {
                                                                        "_process_rank_one_or_two_observation": {
                                                                            "total": 0.00017975398804992437,
                                                                            "count": 2,
                                                                            "is_parallel": true,
                                                                            "self": 0.00017975398804992437
                                                                        }
                                                                    }
                                                                }
                                                            }
                                                        }
                                                    }
                                                },
                                                "UnityEnvironment.step": {
                                                    "total": 42.71609320153948,
                                                    "count": 3385,
                                                    "is_parallel": true,
                                                    "self": 0.35726191074354574,