{
    "name": "root",
    "metadata": {
        "timer_format_version": "0.1.0",
        "start_time_seconds": "1711982561",
        "python_version": "3.9.13 (main, Oct 13 2022, 21:15:33) \n[GCC 11.2.0]",
        "command_line_arguments": "/home/jialong/miniconda3/envs/mlagents/bin/mlagents-learn --run-id=t12",
        "mlagents_version": "0.30.0",
        "mlagents_envs_version": "0.30.0",
        "communication_protocol_version": "1.5.0",
        "pytorch_version": "1.11.0+cu102",
        "numpy_version": "1.21.2",
        "end_time_seconds": "1711982619"
    },
    "total": 58.18193073000293,
    "count": 1,
    "self": 0.00430852900899481,
    "children": {
        "run_training.setup": {
            "total": 0.014583311000023969,
            "count": 1,
            "self": 0.014583311000023969
        },
        "TrainerController.start_learning": {
            "total": 58.16303888999391,
            "count": 1,
            "self": 0.1335642389021814,
            "children": {
                "TrainerController._reset_env": {
                    "total": 7.3551976140006445,
                    "count": 1,
                    "self": 7.3551976140006445
                },
                "TrainerController.advance": {
                    "total": 50.61100608810375,
                    "count": 4859,
                    "self": 0.12443672779772896,
                    "children": {
                        "env_step": {
                            "total": 48.443401600496145,
                            "count": 4859,
                            "self": 45.22883150896814,
                            "children": {
                                "SubprocessEnvManager._take_step": {
                                    "total": 3.140916410004138,
                                    "count": 4859,
                                    "self": 0.29572378362354357,
                                    "children": {
                                        "TorchPolicy.evaluate": {
                                            "total": 2.8451926263805944,
                                            "count": 3744,
                                            "self": 2.8451926263805944
                                        }
                                    }
                                },
                                "workers": {
                                    "total": 0.07365368152386509,
                                    "count": 4858,
                                    "self": 0.0,
                                    "children": {
                                        "worker_root": {
                                            "total": 56.07333597788238,
                                            "count": 4858,
                                            "is_parallel": true,
                                            "self": 17.61319706052018,
                                            "children": {
                                                "run_training.setup": {
                                                    "total": 0.0,
                                                    "count": 0,
                                                    "is_parallel": true,
                                                    "self": 0.0,
                                                    "children": {
                                                        "steps_from_proto": {
                                                            "total": 0.0003935389977414161,
                                                            "count": 1,
                                                            "is_parallel": true,
                                                            "self": 0.0001192479976452887,
                                                            "children": {
                                                                "_process_rank_one_or_two_observation": {
                                                                    "total": 0.0002742910000961274,
                                                                    "count": 2,
                                                                    "is_parallel": true,
                                                                    "self": 0.0002742910000961274
                                                                }
                                                            }
                                                        },
                                                        "UnityEnvironment.step": {
                                                            "total": 0.02658450799935963,
                                                            "count": 1,
                                                            "is_parallel": true,
                                                            "self": 0.00010336999548599124,
                                                            "children": {
                                                                "UnityEnvironment._generate_step_input": {
                                                                    "total": 0.00017599899729248136,
                                                                    "count": 1,
                                                                    "is_parallel": true,
                                                                    "self": 0.00017599899729248136
                                                                },
                                                                "communicator.exchange": {
                                                                    "total": 0.026071130007039756,
                                                                    "count": 1,
                                                                    "is_parallel": true,
                                                                    "self": 0.026071130007039756
                                                                },
                                                                "steps_from_proto": {
                                                                    "total": 0.00023400899954140186,
                                                                    "count": 1,
                                                                    "is_parallel": true,
                                                                    "self": 0.00012226900435052812,
                                                                    "children": {
                                                                        "_process_rank_one_or_two_observation": {
                                                                            "total": 0.00011173999519087374,
                                                                            "count": 2,
                                                                            "is_parallel": true,
                                                                            "self": 0.00011173999519087374
                                                                        }
                                                                    }
                                                                }
                                                            }
                                                        }
                                                    }
                                                },
                                                "UnityEnvironment.step": {
                                                    "total": 38.4601389173622,
                                                    "count": 4857,
                                                    "is_parallel": true,
                                                    "self": 0.5452380862843711,