{
    "name": "root",
    "gauges": {
        "Player1Agent.Policy.Entropy.mean": {
            "value": 0.22444912791252136,
            "min": 0.20199602842330933,
            "max": 0.2274043709039688,
            "count": 39
        },
        "Player1Agent.Policy.Entropy.sum": {
            "value": 1262.5263671875,
            "min": 103.93833923339844,
            "max": 2098.4169921875,
            "count": 39
        },
        "Player1Agent.Environment.EpisodeLength.mean": {
            "value": 525.3,
            "min": 11.755555555555556,
            "max": 999.0,
            "count": 39
        },
        "Player1Agent.Environment.EpisodeLength.sum": {
            "value": 5253.0,
            "min": 394.0,
            "max": 8655.0,
            "count": 39
        },
        "Player1Agent.Step.mean": {
            "value": 4344432.0,
            "min": 4154996.0,
            "max": 4344432.0,
            "count": 39
        },
        "Player1Agent.Step.sum": {
            "value": 4344432.0,
            "min": 4154996.0,
            "max": 4344432.0,
            "count": 39
        },
        "Player1Agent.Policy.ExtrinsicValueEstimate.mean": {
            "value": -2692.783203125,
            "min": -11167.5068359375,
            "max": 1461.725830078125,
            "count": 39
        },
        "Player1Agent.Policy.ExtrinsicValueEstimate.sum": {
            "value": -45777.3125,
            "min": -793069.375,
            "max": 334735.21875,
            "count": 39
        },
        "Player1Agent.Environment.CumulativeReward.mean": {
            "value": -31828.732881433825,
            "min": -150473.39921061197,
            "max": 854.0379242876211,
            "count": 39
        },
        "Player1Agent.Environment.CumulativeReward.sum": {
            "value": -541088.458984375,
            "min": -1609859.7844238281,
            "max": 195574.68466186523,
            "count": 39
        },
        "Player1Agent.Policy.ExtrinsicReward.mean": {
            "value": -31828.732881433825,
            "min": -150473.39921061197,
            "max": 854.0379242876211,
            "count": 39
        },
        "Player1Agent.Policy.ExtrinsicReward.sum": {
            "value": -541088.458984375,
            "min": -1609859.7844238281,
            "max": 195574.68466186523,
            "count": 39
        },
        "Player1Agent.IsTraining.mean": {
            "value": 1.0,
            "min": 1.0,
            "max": 1.0,
            "count": 39
        },
        "Player1Agent.IsTraining.sum": {
            "value": 1.0,
            "min": 1.0,
            "max": 1.0,
            "count": 39
        },
        "Player1Agent.Losses.PolicyLoss.mean": {
            "value": 0.03586386961641048,
            "min": 0.03036418258450015,
            "max": 0.06152182145967704,
            "count": 22
        },
        "Player1Agent.Losses.PolicyLoss.sum": {
            "value": 0.03586386961641048,
            "min": 0.03036418258450015,
            "max": 0.06152182145967704,
            "count": 22
        },
        "Player1Agent.Losses.ValueLoss.mean": {
            "value": 1377832.247767857,
            "min": 604362.2838760504,
            "max": 3563277.3180803573,
            "count": 22
        },
        "Player1Agent.Losses.ValueLoss.sum": {
            "value": 1377832.247767857,
            "min": 604362.2838760504,
            "max": 3563277.3180803573,
            "count": 22
        },
        "Player1Agent.Policy.LearningRate.mean": {
            "value": 0.0003959637934337501,
            "min": 0.0003959637934337501,
            "max": 0.00040860397162801,
            "count": 22
        },
        "Player1Agent.Policy.LearningRate.sum": {
            "value": 0.0003959637934337501,
            "min": 0.0003959637934337501,
            "max": 0.00040860397162801,
            "count": 22
        },
        "Player1Agent.Policy.Epsilon.mean": {
            "value": 0.12828312500000003,
            "min": 0.12828312500000003,
            "max": 0.12918599500000003,
            "count": 22
        },
        "Player1Agent.Policy.Epsilon.sum": {
            "value": 0.12828312500000003,
            "min": 0.12828312500000003,
            "max": 0.12918599500000003,
            "count": 22
        },
        "Player1Agent.Policy.Beta.mean": {
            "value": 0.002832655875,
            "min": 0.002832655875,
            "max": 0.0029227623010000003,
            "count": 22
        },
        "Player1Agent.Policy.Beta.sum": {
            "value": 0.002832655875,
            "min": 0.002832655875,
            "max": 0.0029227623010000003,
            "count": 22
        }
    },
    "metadata": {
        "timer_format_version": "0.1.0",
        "start_time_seconds": "1712229320",
        "python_version": "3.9.13 (main, Oct 13 2022, 21:15:33) \n[GCC 11.2.0]",
        "command_line_arguments": "/home/jialong/miniconda3/envs/mlagents/bin/mlagents-learn --resume ./TrainingConfigs/dev5_complex.yaml --run-id=dev5",
        "mlagents_version": "0.30.0",
        "mlagents_envs_version": "0.30.0",
        "communication_protocol_version": "1.5.0",
        "pytorch_version": "1.11.0+cu102",
        "numpy_version": "1.21.2",
        "end_time_seconds": "1712229690"
    },
    "total": 369.3489310420118,
    "count": 1,
    "self": 0.006340573017951101,
    "children": {
        "run_training.setup": {
            "total": 0.012230700987856835,
            "count": 1,
            "self": 0.012230700987856835
        },
        "TrainerController.start_learning": {
            "total": 369.330359768006,
            "count": 1,
            "self": 0.9291719277389348,
            "children": {
                "TrainerController._reset_env": {
                    "total": 10.933453853009269,
                    "count": 1,
                    "self": 10.933453853009269
                },
                "TrainerController.advance": {
                    "total": 357.3918520003208,
                    "count": 23716,
                    "self": 0.41435428301338106,
                    "children": {
                        "env_step": {
                            "total": 356.9774977173074,
                            "count": 23716,
                            "self": 263.77208971226355,
                            "children": {
                                "SubprocessEnvManager._take_step": {
                                    "total": 92.73317463946296,
                                    "count": 23716,
                                    "self": 2.1380980177782476,
                                    "children": {
                                        "TorchPolicy.evaluate": {
                                            "total": 90.59507662168471,
                                            "count": 21781,
                                            "self": 90.59507662168471
                                        }
                                    }
                                },
                                "workers": {
                                    "total": 0.47223336558090523,
                                    "count": 23715,
                                    "self": 0.0,
                                    "children": {
                                        "worker_root": {
                                            "total": 365.4955814612913,
                                            "count": 23715,
                                            "is_parallel": true,
                                            "self": 170.1026628757827,
                                            "children": {
                                                "run_training.setup": {
                                                    "total": 0.0,
                                                    "count": 0,
                                                    "is_parallel": true,