{
    "name": "root",
    "metadata": {
        "timer_format_version": "0.1.0",
        "start_time_seconds": "1711905418",
        "python_version": "3.9.13 (tags/v3.9.13:6de2ca5, May 17 2022, 16:36:42) [MSC v.1929 64 bit (AMD64)]",
        "command_line_arguments": "C:\\Users\\User\\AppData\\Local\\Programs\\Python\\Python39\\Scripts\\mlagents-learn TrainingConfigs/config.yaml --run-id=play1",
        "mlagents_version": "0.30.0",
        "mlagents_envs_version": "0.30.0",
        "communication_protocol_version": "1.5.0",
        "pytorch_version": "2.2.2+cpu",
        "numpy_version": "1.21.2",
        "end_time_seconds": "1711905448"
    },
    "total": 29.7965816,
    "count": 1,
    "self": 0.00656139999999894,
    "children": {
        "run_training.setup": {
            "total": 0.04942510000000011,
            "count": 1,
            "self": 0.04942510000000011
        },
        "TrainerController.start_learning": {
            "total": 29.7405951,
            "count": 1,
            "self": 0.010337299999989114,
            "children": {
                "TrainerController._reset_env": {
                    "total": 13.5765684,
                    "count": 1,
                    "self": 13.5765684
                },
                "TrainerController.advance": {
                    "total": 16.107362100000014,
                    "count": 686,
                    "self": 0.008588499999973465,
                    "children": {
                        "env_step": {
                            "total": 15.897148300000051,
                            "count": 686,
                            "self": 15.54543930000002,
                            "children": {
                                "SubprocessEnvManager._take_step": {
                                    "total": 0.34573940000002956,
                                    "count": 686,
                                    "self": 0.02323330000000645,
                                    "children": {
                                        "TorchPolicy.evaluate": {
                                            "total": 0.3225061000000231,
                                            "count": 537,
                                            "self": 0.3225061000000231
                                        }
                                    }
                                },
                                "workers": {
                                    "total": 0.005969600000002018,
                                    "count": 685,
                                    "self": 0.0,
                                    "children": {
                                        "worker_root": {
                                            "total": 4.045418599999998,
                                            "count": 685,
                                            "is_parallel": true,
                                            "self": 1.5461114000000293,
                                            "children": {
                                                "steps_from_proto": {
                                                    "total": 0.00027599999999949887,
                                                    "count": 1,
                                                    "is_parallel": true,
                                                    "self": 7.940000000061787e-05,
                                                    "children": {
                                                        "_process_rank_one_or_two_observation": {
                                                            "total": 0.000196599999998881,
                                                            "count": 2,
                                                            "is_parallel": true,
                                                            "self": 0.000196599999998881
                                                        }
                                                    }
                                                },
                                                "UnityEnvironment.step": {
                                                    "total": 2.499031199999969,
                                                    "count": 685,
                                                    "is_parallel": true,
                                                    "self": 0.037155099999955254,
                                                    "children": {
                                                        "UnityEnvironment._generate_step_input": {
                                                            "total": 0.027119300000004287,
                                                            "count": 685,
                                                            "is_parallel": true,
                                                            "self": 0.027119300000004287
                                                        },
                                                        "communicator.exchange": {
                                                            "total": 2.3385953000000175,
                                                            "count": 685,
                                                            "is_parallel": true,
                                                            "self": 2.3385953000000175
                                                        },
                                                        "steps_from_proto": {
                                                            "total": 0.09616149999999202,
                                                            "count": 685,
                                                            "is_parallel": true,
                                                            "self": 0.049427199999966476,
                                                            "children": {
                                                                "_process_rank_one_or_two_observation": {
                                                                    "total": 0.04673430000002554,
                                                                    "count": 1370,
                                                                    "is_parallel": true,
                                                                    "self": 0.04673430000002554
                                                                }
                                                            }
                                                        }
                                                    }
                                                }
                                            }
                                        }
                                    }
                                }
                            }
                        },
                        "trainer_advance": {
                            "total": 0.20162529999998924,
                            "count": 685,
                            "self": 0.009570299999998255,
                            "children": {
                                "process_trajectory": {
                                    "total": 0.19205499999999098,
                                    "count": 685,
                                    "self": 0.19205499999999098
                                }
                            }
                        }
                    }
                },
                "trainer_threads": {
                    "total": 8.999999998593466e-07,
                    "count": 1,
                    "self": 8.999999998593466e-07
                },
                "TrainerController._save_models": {
                    "total": 0.0463263999999981,