{
    "name": "root",
    "metadata": {
        "timer_format_version": "0.1.0",
        "start_time_seconds": "1711905451",
        "python_version": "3.9.13 (tags/v3.9.13:6de2ca5, May 17 2022, 16:36:42) [MSC v.1929 64 bit (AMD64)]",
        "command_line_arguments": "C:\\Users\\User\\AppData\\Local\\Programs\\Python\\Python39\\Scripts\\mlagents-learn TrainingConfigs/config.yaml --run-id=play2",
        "mlagents_version": "0.30.0",
        "mlagents_envs_version": "0.30.0",
        "communication_protocol_version": "1.5.0",
        "pytorch_version": "2.2.2+cpu",
        "numpy_version": "1.21.2",
        "end_time_seconds": "1711905531"
    },
    "total": 80.0694283,
    "count": 1,
    "self": 0.004808299999993437,
    "children": {
        "run_training.setup": {
            "total": 0.055755699999999964,
            "count": 1,
            "self": 0.055755699999999964
        },
        "TrainerController.start_learning": {
            "total": 80.0088643,
            "count": 1,
            "self": 0.03847359999993216,
            "children": {
                "TrainerController._reset_env": {
                    "total": 5.898267000000001,
                    "count": 1,
                    "self": 5.898267000000001
                },
                "TrainerController.advance": {
                    "total": 74.02779290000007,
                    "count": 2686,
                    "self": 0.034055000000037694,
                    "children": {
                        "env_step": {
                            "total": 73.16645480000003,
                            "count": 2686,
                            "self": 71.81194699999999,
                            "children": {
                                "SubprocessEnvManager._take_step": {
                                    "total": 1.3311498999999607,
                                    "count": 2686,
                                    "self": 0.0891656999999153,
                                    "children": {
                                        "TorchPolicy.evaluate": {
                                            "total": 1.2419842000000454,
                                            "count": 2077,
                                            "self": 1.2419842000000454
                                        }
                                    }
                                },
                                "workers": {
                                    "total": 0.02335790000007698,
                                    "count": 2685,
                                    "self": 0.0,
                                    "children": {
                                        "worker_root": {
                                            "total": 13.20084080000009,
                                            "count": 2685,
                                            "is_parallel": true,
                                            "self": 4.29576800000005,
                                            "children": {
                                                "steps_from_proto": {
                                                    "total": 0.00015849999999950626,
                                                    "count": 1,
                                                    "is_parallel": true,
                                                    "self": 5.05999999997897e-05,
                                                    "children": {
                                                        "_process_rank_one_or_two_observation": {
                                                            "total": 0.00010789999999971656,
                                                            "count": 2,
                                                            "is_parallel": true,
                                                            "self": 0.00010789999999971656
                                                        }
                                                    }
                                                },
                                                "UnityEnvironment.step": {
                                                    "total": 8.90491430000004,
                                                    "count": 2685,
                                                    "is_parallel": true,
                                                    "self": 0.14352650000008538,
                                                    "children": {
                                                        "UnityEnvironment._generate_step_input": {
                                                            "total": 0.1016940000000277,
                                                            "count": 2685,
                                                            "is_parallel": true,
                                                            "self": 0.1016940000000277
                                                        },
                                                        "communicator.exchange": {
                                                            "total": 8.294495599999951,
                                                            "count": 2685,
                                                            "is_parallel": true,
                                                            "self": 8.294495599999951
                                                        },
                                                        "steps_from_proto": {
                                                            "total": 0.3651981999999778,
                                                            "count": 2685,
                                                            "is_parallel": true,
                                                            "self": 0.1849398999999856,
                                                            "children": {
                                                                "_process_rank_one_or_two_observation": {
                                                                    "total": 0.1802582999999922,
                                                                    "count": 5370,
                                                                    "is_parallel": true,
                                                                    "self": 0.1802582999999922
                                                                }
                                                            }
                                                        }
                                                    }
                                                }
                                            }
                                        }
                                    }
                                }
                            }
                        },
                        "trainer_advance": {
                            "total": 0.8272830999999972,
                            "count": 2685,
                            "self": 0.03641089999997682,
                            "children": {
                                "process_trajectory": {
                                    "total": 0.7908722000000203,
                                    "count": 2685,
                                    "self": 0.7908722000000203
                                }
                            }
                        }
                    }
                },
                "TrainerController._save_models": {
                    "total": 0.04433079999999734,
                    "count": 1,
                    "self": 2.089999999554948e-05,