{
    "name": "root",
    "gauges": {
        "Player1Agent.Policy.Entropy.mean": {
            "value": 1.4189382791519165,
            "min": 1.4189382791519165,
            "max": 1.4189382791519165,
            "count": 1
        },
        "Player1Agent.Policy.Entropy.sum": {
            "value": 14190.8017578125,
            "min": 14190.8017578125,
            "max": 14190.8017578125,
            "count": 1
        },
        "Player1Agent.Environment.EpisodeLength.mean": {
            "value": 2.345935095349615,
            "min": 2.345935095349615,
            "max": 2.345935095349615,
            "count": 1
        },
        "Player1Agent.Environment.EpisodeLength.sum": {
            "value": 7012.0,
            "min": 7012.0,
            "max": 7012.0,
            "count": 1
        },
        "Player1Agent.Step.mean": {
            "value": 9997.0,
            "min": 9997.0,
            "max": 9997.0,
            "count": 1
        },
        "Player1Agent.Step.sum": {
            "value": 9997.0,
            "min": 9997.0,
            "max": 9997.0,
            "count": 1
        },
        "Player1Agent.Policy.ExtrinsicValueEstimate.mean": {
            "value": 5.8722453117370605,
            "min": 5.8722453117370605,
            "max": 5.8722453117370605,
            "count": 1
        },
        "Player1Agent.Policy.ExtrinsicValueEstimate.sum": {
            "value": 17546.26953125,
            "min": 17546.26953125,
            "max": 17546.26953125,
            "count": 1
        },
        "Player1Agent.Environment.CumulativeReward.mean": {
            "value": -1.0234571397304535,
            "min": -1.0234571397304535,
            "max": -1.0234571397304535,
            "count": 1
        },
        "Player1Agent.Environment.CumulativeReward.sum": {
            "value": -3058.089933514595,
            "min": -3058.089933514595,
            "max": -3058.089933514595,
            "count": 1
        },
        "Player1Agent.Policy.ExtrinsicReward.mean": {
            "value": -1.0234571397304535,
            "min": -1.0234571397304535,
            "max": -1.0234571397304535,
            "count": 1
        },
        "Player1Agent.Policy.ExtrinsicReward.sum": {
            "value": -3058.089933514595,
            "min": -3058.089933514595,
            "max": -3058.089933514595,
            "count": 1
        },
        "Player1Agent.IsTraining.mean": {
            "value": 1.0,
            "min": 1.0,
            "max": 1.0,
            "count": 1
        },
        "Player1Agent.IsTraining.sum": {
            "value": 1.0,
            "min": 1.0,
            "max": 1.0,
            "count": 1
        }
    },
    "metadata": {
        "timer_format_version": "0.1.0",
        "start_time_seconds": "1711897989",
        "python_version": "3.9.13 (tags/v3.9.13:6de2ca5, May 17 2022, 16:36:42) [MSC v.1929 64 bit (AMD64)]",
        "command_line_arguments": "C:\\Users\\User\\AppData\\Local\\Programs\\Python\\Python39\\Scripts\\mlagents-learn TrainingConfigs/config.yaml --run-id=Player1AgentRun6",
        "mlagents_version": "0.30.0",
        "mlagents_envs_version": "0.30.0",
        "communication_protocol_version": "1.5.0",
        "pytorch_version": "2.2.2+cpu",
        "numpy_version": "1.21.2",
        "end_time_seconds": "1711898085"
    },
    "total": 95.7211736,
    "count": 1,
    "self": 10.005441099999999,
    "children": {
        "run_training.setup": {
            "total": 0.04607819999999996,
            "count": 1,
            "self": 0.04607819999999996
        },
        "TrainerController.start_learning": {
            "total": 85.6696543,
            "count": 1,
            "self": 0.2361708000001812,
            "children": {
                "TrainerController._reset_env": {
                    "total": 6.339041099999999,
                    "count": 1,
                    "self": 6.339041099999999
                },
                "TrainerController.advance": {
                    "total": 79.04632209999983,
                    "count": 18718,
                    "self": 0.21130450000121925,
                    "children": {
                        "env_step": {
                            "total": 69.43216429999906,
                            "count": 18718,
                            "self": 61.27213169999949,
                            "children": {
                                "SubprocessEnvManager._take_step": {
                                    "total": 8.024303099999532,
                                    "count": 18719,
                                    "self": 0.5437073999996977,
                                    "children": {
                                        "TorchPolicy.evaluate": {
                                            "total": 7.480595699999834,
                                            "count": 14414,
                                            "self": 7.480595699999834
                                        }
                                    }
                                },
                                "workers": {
                                    "total": 0.13572950000003825,
                                    "count": 18717,
                                    "self": 0.0,
                                    "children": {
                                        "worker_root": {
                                            "total": 73.27798579999968,
                                            "count": 18717,
                                            "is_parallel": true,
                                            "self": 27.6269286,
                                            "children": {
                                                "steps_from_proto": {
                                                    "total": 0.0003275000000009243,
                                                    "count": 2,
                                                    "is_parallel": true,
                                                    "self": 0.00010460000000023228,
                                                    "children": {
                                                        "_process_rank_one_or_two_observation": {
                                                            "total": 0.000222900000000692,
                                                            "count": 4,
                                                            "is_parallel": true,
                                                            "self": 0.000222900000000692
                                                        }
                                                    }
                                                },
                                                "UnityEnvironment.step": {
                                                    "total": 45.65072969999968,
                                                    "count": 18717,
                                                    "is_parallel": true,
                                                    "self": 0.8545310999987592,
                                                    "children": {
                                                        "UnityEnvironment._generate_step_input": {
                                                            "total": 0.6020506999998787,
                                                            "count": 18717,
                                                            "is_parallel": true,
                                                            "self": 0.6020506999998787
                                                        },