{
    "name": "root",
    "metadata": {
        "timer_format_version": "0.1.0",
        "start_time_seconds": "1711984354",
        "python_version": "3.9.13 (main, Oct 13 2022, 21:15:33) \n[GCC 11.2.0]",
        "command_line_arguments": "/home/jialong/miniconda3/envs/mlagents/bin/mlagents-learn --run-id=t18",
        "mlagents_version": "0.30.0",
        "mlagents_envs_version": "0.30.0",
        "communication_protocol_version": "1.5.0",
        "pytorch_version": "1.11.0+cu102",
        "numpy_version": "1.21.2",
        "end_time_seconds": "1711984524"
    },
    "total": 169.03522368900303,
    "count": 1,
    "self": 0.005149470001924783,
    "children": {
        "run_training.setup": {
            "total": 0.015367682004580274,
            "count": 1,
            "self": 0.015367682004580274
        },
        "TrainerController.start_learning": {
            "total": 169.01470653699653,
            "count": 1,
            "self": 0.2543245169945294,
            "children": {
                "TrainerController._reset_env": {
                    "total": 7.513382941004238,
                    "count": 1,
                    "self": 7.513382941004238
                },
                "TrainerController.advance": {
                    "total": 161.16732963098912,
                    "count": 9167,
                    "self": 0.2341779755661264,
                    "children": {
                        "env_step": {
                            "total": 159.47946656116983,
                            "count": 9167,
                            "self": 152.10611230772338,
                            "children": {
                                "SubprocessEnvManager._take_step": {
                                    "total": 7.2354478158958955,
                                    "count": 9167,
                                    "self": 0.6537885125144385,
                                    "children": {
                                        "TorchPolicy.evaluate": {
                                            "total": 6.581659303381457,
                                            "count": 8687,
                                            "self": 6.581659303381457
                                        }
                                    }
                                },
                                "workers": {
                                    "total": 0.13790643755055498,
                                    "count": 9166,
                                    "self": 0.0,
                                    "children": {
                                        "worker_root": {
                                            "total": 108.54179579803895,
                                            "count": 9166,
                                            "is_parallel": true,
                                            "self": 25.932209401507862,
                                            "children": {
                                                "run_training.setup": {
                                                    "total": 0.0,
                                                    "count": 0,
                                                    "is_parallel": true,
                                                    "self": 0.0,
                                                    "children": {
                                                        "steps_from_proto": {
                                                            "total": 0.0005788240086985752,
                                                            "count": 1,
                                                            "is_parallel": true,
                                                            "self": 0.00020117101666983217,
                                                            "children": {
                                                                "_process_rank_one_or_two_observation": {
                                                                    "total": 0.00037765299202874303,
                                                                    "count": 2,
                                                                    "is_parallel": true,
                                                                    "self": 0.00037765299202874303
                                                                }
                                                            }
                                                        },
                                                        "UnityEnvironment.step": {
                                                            "total": 0.03773264698975254,
                                                            "count": 1,
                                                            "is_parallel": true,
                                                            "self": 0.00014275798457674682,
                                                            "children": {
                                                                "UnityEnvironment._generate_step_input": {
                                                                    "total": 0.00014858700160402805,
                                                                    "count": 1,
                                                                    "is_parallel": true,
                                                                    "self": 0.00014858700160402805
                                                                },
                                                                "communicator.exchange": {
                                                                    "total": 0.03703432300244458,
                                                                    "count": 1,
                                                                    "is_parallel": true,
                                                                    "self": 0.03703432300244458
                                                                },
                                                                "steps_from_proto": {
                                                                    "total": 0.00040697900112718344,
                                                                    "count": 1,
                                                                    "is_parallel": true,
                                                                    "self": 0.00022709000040777028,
                                                                    "children": {
                                                                        "_process_rank_one_or_two_observation": {
                                                                            "total": 0.00017988900071941316,
                                                                            "count": 2,
                                                                            "is_parallel": true,
                                                                            "self": 0.00017988900071941316
                                                                        }
                                                                    }
                                                                }
                                                            }
                                                        }
                                                    }
                                                },
                                                "UnityEnvironment.step": {
                                                    "total": 82.60958639653109,
                                                    "count": 9165,
                                                    "is_parallel": true,
                                                    "self": 1.0196173773729242,