{
    "name": "root",
    "metadata": {
        "timer_format_version": "0.1.0",
        "start_time_seconds": "1711979444",
        "python_version": "3.9.13 (main, Oct 13 2022, 21:15:33) \n[GCC 11.2.0]",
        "command_line_arguments": "/home/jialong/miniconda3/envs/mlagents/bin/mlagents-learn --run-id=t8_debug",
        "mlagents_version": "0.30.0",
        "mlagents_envs_version": "0.30.0",
        "communication_protocol_version": "1.5.0",
        "pytorch_version": "1.11.0+cu102",
        "numpy_version": "1.21.2",
        "end_time_seconds": "1711979578"
    },
    "total": 134.04471773399564,
    "count": 1,
    "self": 0.007583596016047522,
    "children": {
        "run_training.setup": {
            "total": 0.012062619993230328,
            "count": 1,
            "self": 0.012062619993230328
        },
        "TrainerController.start_learning": {
            "total": 134.02507151798636,
            "count": 1,
            "self": 0.181704794158577,
            "children": {
                "TrainerController._reset_env": {
                    "total": 8.988545921994955,
                    "count": 1,
                    "self": 8.988545921994955
                },
                "TrainerController.advance": {
                    "total": 124.76129858083732,
                    "count": 6422,
                    "self": 0.16805406066123396,
                    "children": {
                        "env_step": {
                            "total": 121.83998194466403,
                            "count": 6422,
                            "self": 117.51666136935819,
                            "children": {
                                "SubprocessEnvManager._take_step": {
                                    "total": 4.225817023747368,
                                    "count": 6422,
                                    "self": 0.3802318300004117,
                                    "children": {
                                        "TorchPolicy.evaluate": {
                                            "total": 3.845585193746956,
                                            "count": 4944,
                                            "self": 3.845585193746956
                                        }
                                    }
                                },
                                "workers": {
                                    "total": 0.09750355155847501,
                                    "count": 6421,
                                    "self": 0.0,
                                    "children": {
                                        "worker_root": {
                                            "total": 73.64535120458459,
                                            "count": 6421,
                                            "is_parallel": true,
                                            "self": 22.646939200887573,
                                            "children": {
                                                "run_training.setup": {
                                                    "total": 0.0,
                                                    "count": 0,
                                                    "is_parallel": true,
                                                    "self": 0.0,
                                                    "children": {
                                                        "steps_from_proto": {
                                                            "total": 0.0006012910016579553,
                                                            "count": 1,
                                                            "is_parallel": true,
                                                            "self": 0.00018397301028016955,
                                                            "children": {
                                                                "_process_rank_one_or_two_observation": {
                                                                    "total": 0.0004173179913777858,
                                                                    "count": 2,
                                                                    "is_parallel": true,
                                                                    "self": 0.0004173179913777858
                                                                }
                                                            }
                                                        },
                                                        "UnityEnvironment.step": {
                                                            "total": 0.060984957992332056,
                                                            "count": 1,
                                                            "is_parallel": true,
                                                            "self": 0.00013204000424593687,
                                                            "children": {
                                                                "UnityEnvironment._generate_step_input": {
                                                                    "total": 0.00010209099855273962,
                                                                    "count": 1,
                                                                    "is_parallel": true,
                                                                    "self": 0.00010209099855273962
                                                                },
                                                                "communicator.exchange": {
                                                                    "total": 0.0602220829896396,
                                                                    "count": 1,
                                                                    "is_parallel": true,
                                                                    "self": 0.0602220829896396
                                                                },
                                                                "steps_from_proto": {
                                                                    "total": 0.0005287439998937771,
                                                                    "count": 1,
                                                                    "is_parallel": true,
                                                                    "self": 0.0002004340203711763,
                                                                    "children": {
                                                                        "_process_rank_one_or_two_observation": {
                                                                            "total": 0.00032830997952260077,
                                                                            "count": 2,
                                                                            "is_parallel": true,
                                                                            "self": 0.00032830997952260077
                                                                        }
                                                                    }
                                                                }
                                                            }
                                                        }
                                                    }
                                                },
                                                "UnityEnvironment.step": {
                                                    "total": 50.99841200369701,
                                                    "count": 6420,
                                                    "is_parallel": true,
                                                    "self": 0.7173326456832001,