{
    "name": "root",
    "gauges": {
        "Player1Agent.Policy.Entropy.mean": {
            "value": 1.4141461849212646,
            "min": 1.4141461849212646,
            "max": 1.4141461849212646,
            "count": 1
        },
        "Player1Agent.Policy.Entropy.sum": {
            "value": 70759.6328125,
            "min": 70759.6328125,
            "max": 70759.6328125,
            "count": 1
        },
        "Player1Agent.Step.mean": {
            "value": 49984.0,
            "min": 49984.0,
            "max": 49984.0,
            "count": 1
        },
        "Player1Agent.Step.sum": {
            "value": 49984.0,
            "min": 49984.0,
            "max": 49984.0,
            "count": 1
        },
        "Player1Agent.Policy.ExtrinsicValueEstimate.mean": {
            "value": -21.812458038330078,
            "min": -21.812458038330078,
            "max": -21.812458038330078,
            "count": 1
        },
        "Player1Agent.Policy.ExtrinsicValueEstimate.sum": {
            "value": -28617.9453125,
            "min": -28617.9453125,
            "max": -28617.9453125,
            "count": 1
        },
        "Player1Agent.Environment.EpisodeLength.mean": {
            "value": 48.44367588932806,
            "min": 48.44367588932806,
            "max": 48.44367588932806,
            "count": 1
        },
        "Player1Agent.Environment.EpisodeLength.sum": {
            "value": 49025.0,
            "min": 49025.0,
            "max": 49025.0,
            "count": 1
        },
        "Player1Agent.Environment.CumulativeReward.mean": {
            "value": -60.69482924346283,
            "min": -60.69482924346283,
            "max": -60.69482924346283,
            "count": 1
        },
        "Player1Agent.Environment.CumulativeReward.sum": {
            "value": -61362.472365140915,
            "min": -61362.472365140915,
            "max": -61362.472365140915,
            "count": 1
        },
        "Player1Agent.Policy.ExtrinsicReward.mean": {
            "value": -60.69482924346283,
            "min": -60.69482924346283,
            "max": -60.69482924346283,
            "count": 1
        },
        "Player1Agent.Policy.ExtrinsicReward.sum": {
            "value": -61362.472365140915,
            "min": -61362.472365140915,
            "max": -61362.472365140915,
            "count": 1
        },
        "Player1Agent.Losses.PolicyLoss.mean": {
            "value": 0.02223103185642685,
            "min": 0.02223103185642685,
            "max": 0.02223103185642685,
            "count": 1
        },
        "Player1Agent.Losses.PolicyLoss.sum": {
            "value": 0.0889241274257074,
            "min": 0.0889241274257074,
            "max": 0.0889241274257074,
            "count": 1
        },
        "Player1Agent.Losses.ValueLoss.mean": {
            "value": 546.8511108398438,
            "min": 546.8511108398438,
            "max": 546.8511108398438,
            "count": 1
        },
        "Player1Agent.Losses.ValueLoss.sum": {
            "value": 2187.4044433593754,
            "min": 2187.4044433593754,
            "max": 2187.4044433593754,
            "count": 1
        },
        "Player1Agent.Policy.LearningRate.mean": {
            "value": 0.0002846052051316,
            "min": 0.0002846052051316,
            "max": 0.0002846052051316,
            "count": 1
        },
        "Player1Agent.Policy.LearningRate.sum": {
            "value": 0.0011384208205264,
            "min": 0.0011384208205264,
            "max": 0.0011384208205264,
            "count": 1
        },
        "Player1Agent.Policy.Epsilon.mean": {
            "value": 0.19486840000000002,
            "min": 0.19486840000000002,
            "max": 0.19486840000000002,
            "count": 1
        },
        "Player1Agent.Policy.Epsilon.sum": {
            "value": 0.7794736000000001,
            "min": 0.7794736000000001,
            "max": 0.7794736000000001,
            "count": 1
        },
        "Player1Agent.Policy.Beta.mean": {
            "value": 0.00474393316,
            "min": 0.00474393316,
            "max": 0.00474393316,
            "count": 1
        },
        "Player1Agent.Policy.Beta.sum": {
            "value": 0.01897573264,
            "min": 0.01897573264,
            "max": 0.01897573264,
            "count": 1
        },
        "Player1Agent.IsTraining.mean": {
            "value": 1.0,
            "min": 1.0,
            "max": 1.0,
            "count": 1
        },
        "Player1Agent.IsTraining.sum": {
            "value": 1.0,
            "min": 1.0,
            "max": 1.0,
            "count": 1
        }
    },
    "metadata": {
        "timer_format_version": "0.1.0",
        "start_time_seconds": "1712081279",
        "python_version": "3.9.13 (main, Oct 13 2022, 21:15:33) \n[GCC 11.2.0]",
        "command_line_arguments": "/home/jialong/miniconda3/envs/mlagents/bin/mlagents-learn --force --run-id=t2",
        "mlagents_version": "0.30.0",
        "mlagents_envs_version": "0.30.0",
        "communication_protocol_version": "1.5.0",
        "pytorch_version": "1.11.0+cu102",
        "numpy_version": "1.21.2",
        "end_time_seconds": "1712082260"
    },
    "total": 980.6104841939814,
    "count": 1,
    "self": 0.00641695800004527,
    "children": {
        "run_training.setup": {
            "total": 0.015320253995014355,
            "count": 1,
            "self": 0.015320253995014355
        },
        "TrainerController.start_learning": {
            "total": 980.5887469819863,
            "count": 1,
            "self": 1.9703781666466966,
            "children": {
                "TrainerController._reset_env": {
                    "total": 24.445633522002026,
                    "count": 1,
                    "self": 24.445633522002026
                },
                "TrainerController.advance": {
                    "total": 953.9932427923195,
                    "count": 74040,
                    "self": 1.8236155313788913,
                    "children": {
                        "env_step": {
                            "total": 931.0427091117308,
                            "count": 74040,
                            "self": 867.650982064195,
                            "children": {
                                "SubprocessEnvManager._take_step": {
                                    "total": 62.20452733334969,
                                    "count": 74040,
                                    "self": 5.868097488506464,
                                    "children": {
                                        "TorchPolicy.evaluate": {
                                            "total": 56.336429844843224,
                                            "count": 73127,
                                            "self": 56.336429844843224
                                        }
                                    }
                                },
                                "workers": {
                                    "total": 1.1871997141861357,
                                    "count": 74039,
                                    "self": 0.0,
                                    "children": {
                                        "worker_root": {
                                            "total": 917.4126647952653,
                                            "count": 74039,
                                            "is_parallel": true,
                                            "self": 187.92593985743588,
                                            "children": {
                                                "run_training.setup": {
                                                    "total": 0.0,
                                                    "count": 0,
                                                    "is_parallel": true,
                                                    "self": 0.0,